Brand,Current Price,Original Price,Discount Percentage,Rating,Number OF Ratings,Model Name,Dial Shape,Strap Color,Strap Material,Battery Life (Days),Display Size,Brand_Label,Touchscreen_No,Touchscreen_Unknown,Touchscreen_Yes,Bluetooth_No,Bluetooth_Yes,Model_Name_Label
0.8235294117647058,0.5893105460728721,0.9313162100094189,0.08443023150437783,0.75,0.00010337102607049582,0.8333333333333333,1.0,0.9333333333333333,1.0,0.3411764705882353,1.0,0.8235294117647058,0.0,1.0,0.0,0.0,1.0,0.8333333333333333
0.3529411764705882,0.018733203161588288,0.1598035791768528,0.8532670111194948,0.825,0.03357458623324057,0.041666666666666664,1.0,0.9333333333333333,0.7333333333333333,0.12941176470588234,0.375,0.3529411764705882,0.0,0.0,1.0,0.0,1.0,0.041666666666666664
0.1764705882352941,0.005764062511257936,0.06446116561365632,0.8239224428921181,0.7,0.03508638748952157,0.7916666666666666,1.0,0.9333333333333333,0.7333333333333333,0.3411764705882353,0.35000000000000003,0.1764705882352941,0.0,0.0,1.0,0.0,1.0,0.7916666666666666
0.3529411764705882,0.004323046883443451,0.1915526346424527,0.9999999999999999,0.825,0.021389726535180877,0.046875,1.0,0.9333333333333333,0.7333333333333333,0.12941176470588234,0.375,0.3529411764705882,0.0,0.0,1.0,0.0,1.0,0.046875
0.8235294117647058,0.002882031255628968,0.03280735731445322,0.7473564193703246,0.7749999999999999,0.02245089472468581,0.8463541666666666,1.0,0.9333333333333333,0.4666666666666667,0.3411764705882353,0.35000000000000003,0.8235294117647058,0.0,0.0,1.0,0.0,1.0,0.8463541666666666
0.8235294117647058,0.0021615234417217254,0.022224338825919926,0.6869401277423952,0.75,0.05282097914974101,0.4375,1.0,0.9333333333333333,0.4666666666666667,0.3411764705882353,0.35000000000000003,0.8235294117647058,0.0,0.0,1.0,0.0,1.0,0.4375
0.8235294117647058,0.005764062511257936,0.03280735731445322,0.6594282052446097,0.7749999999999999,0.0016426302111514726,0.5651041666666666,1.0,0.9333333333333333,1.0,0.38823529411764707,0.275,0.8235294117647058,0.0,1.0,0.0,0.0,1.0,0.5651041666666666
0.8235294117647058,0.004323046883443451,0.022224338825919926,0.6045033043207264,0.75,0.05282097914974101,0.9869791666666666,1.0,0.9333333333333333,0.4666666666666667,0.3411764705882353,0.35000000000000003,0.8235294117647058,0.0,0.0,1.0,0.0,1.0,0.9869791666666666
0.8235294117647058,0.005764062511257936,0.04868188504725317,0.7608487123041399,0.7749999999999999,0.0637637713626724,0.8541666666666666,1.0,0.9333333333333333,0.4666666666666667,0.3411764705882353,0.375,0.8235294117647058,0.0,0.0,1.0,0.0,1.0,0.8541666666666666
0.8235294117647058,0.005764062511257936,0.04339037580298652,0.7326772884472252,0.7749999999999999,0.0637637713626724,0.8515625,1.0,0.9333333333333333,0.4666666666666667,0.3411764705882353,0.375,0.8235294117647058,0.0,0.0,1.0,0.0,1.0,0.8515625
0.8235294117647058,0.005764062511257936,0.04339037580298652,0.7326772884472252,0.7749999999999999,0.01415536988252852,0.8411458333333333,1.0,0.9333333333333333,0.4666666666666667,0.3411764705882353,0.4,0.8235294117647058,0.0,0.0,1.0,0.0,1.0,0.8411458333333333
0.8235294117647058,0.004323046883443451,0.022224338825919926,0.6045033043207264,0.75,0.05282097914974101,0.984375,1.0,0.9333333333333333,0.4666666666666667,0.3411764705882353,0.35000000000000003,0.8235294117647058,0.0,0.0,1.0,0.0,1.0,0.984375
0.8235294117647058,0.018733203161588288,0.06455641278005313,0.5769522219235944,0.7,0.0008786537215992144,0.8307291666666666,1.0,0.9333333333333333,1.0,0.3411764705882353,1.0,0.8235294117647058,0.0,1.0,0.0,0.0,1.0,0.8307291666666666
0.8235294117647058,0.01657167971986656,0.04339037580298652,0.4579107800314069,0.7,0.0004522482390584192,0.8567708333333333,1.0,0.9333333333333333,1.0,0.3411764705882353,1.0,0.8235294117647058,0.0,1.0,0.0,0.0,1.0,0.8567708333333333
0.8235294117647058,0.005764062511257936,0.04339037580298652,0.7326772884472252,0.7749999999999999,0.014665764323751595,1.0,1.0,0.9333333333333333,0.4666666666666667,0.6047058823529412,0.375,0.8235294117647058,0.0,0.0,1.0,0.0,1.0,1.0
0.8235294117647058,0.0021615234417217254,0.03280735731445322,0.7693384729017534,0.75,0.15033054500758325,0.9895833333333333,1.0,0.9333333333333333,0.6,0.1341176470588235,0.25,0.8235294117647058,0.0,0.0,1.0,0.0,1.0,0.9895833333333333
0.8235294117647058,0.004323046883443451,0.03280735731445322,0.7033923123074671,0.7749999999999999,0.02245089472468581,0.8489583333333333,1.0,0.9333333333333333,0.4666666666666667,0.3411764705882353,0.35000000000000003,0.8235294117647058,0.0,0.0,1.0,0.0,1.0,0.8489583333333333
0.8235294117647058,0.005764062511257936,0.04339037580298652,0.7326772884472252,0.7749999999999999,0.01415536988252852,0.84375,1.0,0.9333333333333333,0.4666666666666667,0.3411764705882353,0.4,0.8235294117647058,0.0,0.0,1.0,0.0,1.0,0.84375
0.8235294117647058,0.005764062511257936,0.04339037580298652,0.7326772884472252,0.7749999999999999,0.014665764323751595,0.9973958333333333,1.0,0.9333333333333333,0.4666666666666667,0.6047058823529412,0.375,0.8235294117647058,0.0,0.0,1.0,0.0,1.0,0.9973958333333333
0.8235294117647058,0.009366601580794146,0.04339037580298652,0.6410884523452486,0.625,0.00036502893581143837,0.5651041666666666,1.0,0.9333333333333333,1.0,0.9999999999999999,0.25,0.8235294117647058,0.0,1.0,0.0,0.0,1.0,0.5651041666666666
0.8235294117647058,0.004323046883443451,0.022224338825919926,0.6045033043207264,0.75,0.05282097914974101,0.9791666666666666,1.0,0.9333333333333333,0.4666666666666667,0.3411764705882353,0.35000000000000003,0.8235294117647058,0.0,0.0,1.0,0.0,1.0,0.9791666666666666
0.8235294117647058,0.012969140650330354,0.04339037580298652,0.5494996161333836,0.7749999999999999,0.00947298543599153,0.828125,1.0,0.9333333333333333,0.4666666666666667,0.9576470588235295,0.35000000000000003,0.8235294117647058,0.0,0.0,1.0,0.0,1.0,0.828125
0.1764705882352941,0.010807617208608627,0.06446116561365632,0.7276498522387452,0.8,0.11545251474248501,0.5651041666666666,1.0,0.9333333333333333,0.7333333333333333,0.3411764705882353,0.35000000000000003,0.1764705882352941,0.0,0.0,1.0,0.0,1.0,0.5651041666666666
0.1764705882352941,0.009366601580794146,0.06446116561365632,0.7551563068053274,0.8,0.11545251474248501,0.0078125,1.0,0.9333333333333333,0.7333333333333333,0.3411764705882353,1.0,0.1764705882352941,0.0,0.0,1.0,0.0,1.0,0.0078125
0.1764705882352941,0.005764062511257936,0.06446116561365632,0.8239224428921181,0.7,0.03508638748952157,0.7916666666666666,1.0,0.9333333333333333,0.7333333333333333,0.3411764705882353,0.35000000000000003,0.1764705882352941,0.0,0.0,1.0,0.0,1.0,0.7916666666666666
0.1764705882352941,0.0,0.053878147125123024,0.9103572458762959,0.75,0.044853334280901075,0.6770833333333333,1.0,0.9333333333333333,0.7333333333333333,0.3411764705882353,0.25,0.1764705882352941,0.0,0.0,1.0,0.0,1.0,0.6770833333333333
0.1764705882352941,0.004323046883443451,0.053878147125123024,0.8160325371713139,0.725,0.004732454787289887,0.65625,1.0,0.9333333333333333,0.3333333333333333,0.3411764705882353,0.375,0.1764705882352941,0.0,0.0,1.0,0.0,1.0,0.65625
0.1764705882352941,0.005764062511257936,0.06446116561365632,0.8239224428921181,0.7,0.03508638748952157,0.7916666666666666,1.0,0.9333333333333333,0.7333333333333333,0.3411764705882353,0.35000000000000003,0.1764705882352941,0.0,0.0,1.0,0.0,1.0,0.7916666666666666
0.1764705882352941,0.010087109394701385,0.06446116561365632,0.7414030795220363,0.8,0.11545251474248501,0.0078125,1.0,0.9333333333333333,0.7333333333333333,0.3411764705882353,1.0,0.1764705882352941,0.0,0.0,1.0,0.0,1.0,0.0078125
0.1764705882352941,0.005764062511257936,0.06446116561365632,0.8239224428921181,0.65,0.0013341323052223366,0.5651041666666666,1.0,0.9333333333333333,1.0,0.3411764705882353,1.0,0.1764705882352941,0.0,1.0,0.0,0.0,1.0,0.5651041666666666
0.1764705882352941,0.005764062511257936,0.06446116561365632,0.8239224428921181,0.65,0.0013341323052223366,0.5651041666666666,1.0,0.9333333333333333,1.0,0.3411764705882353,1.0,0.1764705882352941,0.0,1.0,0.0,0.0,1.0,0.5651041666666666
0.1764705882352941,0.0,0.053878147125123024,0.9103572458762959,0.75,0.044853334280901075,0.6770833333333333,1.0,0.9333333333333333,0.7333333333333333,0.3411764705882353,0.25,0.1764705882352941,0.0,0.0,1.0,0.0,1.0,0.6770833333333333
0.8235294117647058,0.004323046883443451,0.03280735731445322,0.7033923123074671,0.75,0.1127422556526992,0.8385416666666666,1.0,0.9333333333333333,0.4666666666666667,0.4729411764705883,0.375,0.8235294117647058,0.0,0.0,1.0,0.0,1.0,0.8385416666666666
0.1764705882352941,0.00360253906953621,0.053878147125123024,0.8317533219005333,0.725,0.03795170311841313,0.7994791666666666,1.0,0.9333333333333333,0.8,0.3411764705882353,0.35000000000000003,0.1764705882352941,0.0,0.0,1.0,0.0,1.0,0.7994791666666666
0.8235294117647058,0.004323046883443451,0.03280735731445322,0.7033923123074671,0.7749999999999999,0.02245089472468581,0.9921875,1.0,0.9333333333333333,0.4666666666666667,0.3411764705882353,0.35000000000000003,0.8235294117647058,0.0,0.0,1.0,0.0,1.0,0.9921875
0.1764705882352941,0.0,0.053878147125123024,0.9103572458762959,0.75,0.044853334280901075,0.6770833333333333,1.0,0.9333333333333333,0.7333333333333333,0.3411764705882353,0.25,0.1764705882352941,0.0,0.0,1.0,0.0,1.0,0.6770833333333333
0.1764705882352941,0.001801269534768106,0.04329512863658973,0.8330262068129773,0.725,0.0063686243093119535,0.5651041666666666,1.0,0.9333333333333333,1.0,0.9105882352941177,0.35000000000000003,0.1764705882352941,0.0,1.0,0.0,0.0,1.0,0.5651041666666666
0.1764705882352941,0.005043554697350693,0.04868188504725317,0.7777572036895413,0.675,0.0005281613363289395,0.5651041666666666,1.0,0.9333333333333333,1.0,0.3411764705882353,0.35000000000000003,0.1764705882352941,0.0,0.0,1.0,0.0,1.0,0.5651041666666666
0.1764705882352941,0.007205078139072419,0.06455641278005313,0.7967562686105154,0.7749999999999999,0.0016393998665867695,0.07552083333333333,1.0,0.9333333333333333,1.0,0.4729411764705883,0.375,0.1764705882352941,0.0,0.0,1.0,0.0,1.0,0.07552083333333333
0.7058823529411764,0.0742123048324459,0.1809696161539194,0.4337589788941806,0.725,0.0006541447743523563,0.41666666666666663,1.0,0.9333333333333333,1.0,0.5529411764705883,0.275,0.7058823529411764,0.0,0.0,1.0,0.0,1.0,0.41666666666666663
0.23529411764705882,0.012969140650330354,0.08572244975711972,0.7692615280252904,0.825,0.0010870109460225576,0.36979166666666663,1.0,0.9333333333333333,1.0,0.5529411764705883,0.375,0.23529411764705882,0.0,0.0,1.0,0.0,1.0,0.36979166666666663
0.7058823529411764,0.05619960948476486,0.13863754219978622,0.43954904716727095,0.8500000000000001,0.012583807251800513,0.5651041666666666,1.0,0.9333333333333333,1.0,0.6517647058823529,0.275,0.7058823529411764,0.0,1.0,0.0,0.0,1.0,0.5651041666666666
0.23529411764705882,0.03458437506754761,0.13863754219978622,0.6593402712099212,0.825,0.0016070964209397396,0.37760416666666663,1.0,0.9333333333333333,1.0,0.3411764705882353,0.275,0.23529411764705882,0.0,0.0,1.0,0.0,1.0,0.37760416666666663
0.9411764705882353,0.07781484390198211,0.3078705908499222,0.6733736441721072,0.7749999999999999,0.00011467723204695629,0.5651041666666666,1.0,0.9333333333333333,1.0,0.5247058823529412,1.0,0.9411764705882353,0.0,1.0,0.0,0.0,1.0,0.5651041666666666
0.9411764705882353,0.12400659985157537,0.3820469674360521,0.5664556191476138,0.825,0.008442505519851276,0.5651041666666666,1.0,0.9333333333333333,1.0,0.1341176470588235,0.925,0.9411764705882353,0.0,1.0,0.0,0.0,1.0,0.5651041666666666
0.9411764705882353,0.12104531273641662,0.19145738747605592,0.10941511187736093,0.825,0.008442505519851276,0.5651041666666666,1.0,0.9333333333333333,1.0,0.1341176470588235,0.875,0.9411764705882353,0.0,1.0,0.0,0.0,1.0,0.5651041666666666
0.9411764705882353,0.12105251781455569,0.3502979119704522,0.533693553479227,0.825,0.008442505519851276,0.5651041666666666,1.0,0.9333333333333333,1.0,0.6094117647058823,1.0,0.9411764705882353,0.0,1.0,0.0,0.0,1.0,0.5651041666666666
0.5294117647058824,0.11377538889409256,0.21791493369738915,0.2687018464156196,0.825,0.0005023185798113156,0.24739583333333331,1.0,0.9333333333333333,0.7333333333333333,0.9999999999999999,0.25,0.5294117647058824,0.0,0.0,1.0,0.0,1.0,0.24739583333333331
0.5294117647058824,0.2745192411611704,0.042332073954133194,0.6044529177945696,0.675,8.075861411757486e-06,0.5651041666666666,1.0,0.9333333333333333,1.0,0.9999999999999999,0.775,0.5294117647058824,0.0,0.0,1.0,0.0,1.0,0.5651041666666666
0.5294117647058824,0.2745192411611704,0.042332073954133194,0.6044529177945696,1.0,0.0,0.5651041666666666,1.0,0.9333333333333333,1.0,0.9999999999999999,0.775,0.5294117647058824,0.0,0.0,1.0,0.0,1.0,0.5651041666666666
0.5294117647058824,0.2434667953973961,0.5301139791091215,0.3592858635944757,0.825,2.9073101082326944e-05,0.25,1.0,0.9333333333333333,0.06666666666666667,0.3411764705882353,1.0,0.5294117647058824,0.0,1.0,0.0,0.0,1.0,0.25
0.5294117647058824,0.10244324199695946,0.11110264469632028,0.6044529177945696,0.7,5.976137444700539e-05,0.005208333333333333,1.0,0.9333333333333333,0.8,0.3411764705882353,0.7250000000000001,0.5294117647058824,0.0,0.0,1.0,0.0,1.0,0.005208333333333333
0.7647058823529411,0.18287929332593614,0.42981871289329143,0.41177949564975214,0.925,0.0013389778220693912,0.5651041666666666,1.0,0.9333333333333333,1.0,0.8305882352941176,0.275,0.7647058823529411,0.0,1.0,0.0,0.0,1.0,0.5651041666666666
0.7647058823529411,0.11023769552780799,0.2973828195277857,0.4944803683142406,0.925,0.01147902941067209,0.5651041666666666,1.0,0.9333333333333333,1.0,0.17176470588235293,0.275,0.7647058823529411,0.0,1.0,0.0,0.0,1.0,0.5651041666666666
0.7647058823529411,0.03747361140131565,0.10688848673418633,0.5127297554610412,0.875,7.752826955287185e-05,0.4140625,1.0,0.9333333333333333,1.0,0.3411764705882353,0.07500000000000001,0.7647058823529411,0.0,1.0,0.0,0.0,1.0,0.4140625
0.8235294117647058,0.018733203161588288,0.06455641278005313,0.5769522219235944,0.7,0.0008786537215992144,0.8359375,1.0,0.9333333333333333,1.0,0.3411764705882353,1.0,0.8235294117647058,0.0,1.0,0.0,0.0,1.0,0.8359375
0.29411764705882354,0.006679107434920133,0.04339037580298652,0.7094137241025975,0.675,2.745792879997545e-05,0.5651041666666666,1.0,0.9333333333333333,1.0,0.3411764705882353,0.4,0.29411764705882354,0.0,0.0,1.0,0.0,1.0,0.5651041666666666
0.29411764705882354,0.006679107434920133,0.04339037580298652,0.7094137241025975,0.675,2.745792879997545e-05,0.5651041666666666,1.0,0.9333333333333333,1.0,0.3411764705882353,0.4,0.29411764705882354,0.0,0.0,1.0,0.0,1.0,0.5651041666666666
0.29411764705882354,0.006679107434920133,0.04339037580298652,0.7094137241025975,0.675,2.745792879997545e-05,0.5651041666666666,1.0,0.9333333333333333,1.0,0.3411764705882353,0.4,0.29411764705882354,0.0,0.0,1.0,0.0,1.0,0.5651041666666666
0.3529411764705882,0.0556059110461053,0.3883967785291721,0.6044529177945696,0.825,0.06343266104479035,0.04427083333333333,1.0,0.9333333333333333,0.7333333333333333,0.12941176470588234,0.25,0.3529411764705882,0.0,0.0,1.0,0.0,1.0,0.04427083333333333
0.29411764705882354,0.0223357422311245,0.05397339429151983,0.42388197451339543,0.375,1.6151722823514971e-06,0.5651041666666666,1.0,0.9333333333333333,1.0,0.3411764705882353,1.0,0.29411764705882354,0.0,1.0,0.0,0.0,1.0,0.5651041666666666
0.3529411764705882,0.0007205078139072424,0.08572244975711972,0.9560902964295794,0.8,0.04164398695586865,0.03125,1.0,0.9333333333333333,0.7333333333333333,0.3411764705882353,0.35000000000000003,0.3529411764705882,0.0,0.0,1.0,0.0,1.0,0.03125
0.3529411764705882,0.004323046883443451,0.08572244975711972,0.901140658663612,0.8,0.053969366642492925,0.03645833333333333,1.0,0.9333333333333333,0.7333333333333333,0.3411764705882353,0.25,0.3529411764705882,0.0,0.0,1.0,0.0,1.0,0.03645833333333333
0.8235294117647058,0.004323046883443451,0.03280735731445322,0.7033923123074671,0.7749999999999999,0.02245089472468581,0.9947916666666666,1.0,0.9333333333333333,0.4666666666666667,0.3411764705882353,0.35000000000000003,0.8235294117647058,0.0,0.0,1.0,0.0,1.0,0.9947916666666666
0.5882352941176471,0.00360253906953621,0.03809886655871988,0.7593328209863516,0.42500000000000004,1.4536550541163476e-05,0.5651041666666666,1.0,0.9333333333333333,1.0,0.6941176470588235,1.0,0.5882352941176471,0.0,1.0,0.0,0.0,1.0,0.5651041666666666
0.5882352941176471,0.002882031255628968,0.04339037580298652,0.8059483573288065,0.825,5.8146202164653896e-05,0.2421875,1.0,0.9333333333333333,1.0,0.5529411764705883,0.35000000000000003,0.5882352941176471,0.0,0.0,1.0,0.0,1.0,0.2421875
0.5882352941176471,0.00360253906953621,0.06455641278005313,0.8654450332345182,0.25,6.460689129405989e-06,0.5651041666666666,1.0,0.9333333333333333,1.0,0.4729411764705883,0.35000000000000003,0.5882352941176471,0.0,0.0,1.0,0.0,1.0,0.5651041666666666
0.5882352941176471,0.015130664092052078,0.04339037580298652,0.49454631447219755,0.75,0.0001631324005175012,0.359375,1.0,0.9333333333333333,1.0,0.3411764705882353,0.25,0.5882352941176471,0.0,0.0,1.0,0.0,1.0,0.359375
0.5882352941176471,0.0021615234417217254,0.04339037580298652,0.824266124549202,0.5,1.6151722823514971e-06,0.5651041666666666,1.0,0.9333333333333333,1.0,0.9105882352941177,1.0,0.5882352941176471,0.0,1.0,0.0,0.0,1.0,0.5651041666666666
0.5882352941176471,0.015130664092052078,0.04339037580298652,0.49454631447219755,0.75,0.0001631324005175012,0.010416666666666666,1.0,0.9333333333333333,0.5333333333333333,0.5529411764705883,0.25,0.5882352941176471,0.0,0.0,1.0,0.0,1.0,0.010416666666666666
0.5882352941176471,0.00360253906953621,0.03809886655871988,0.7593328209863516,0.375,3.2303445647029947e-06,0.3645833333333333,1.0,0.9333333333333333,1.0,0.6941176470588235,1.0,0.5882352941176471,0.0,1.0,0.0,0.0,1.0,0.3645833333333333
0.058823529411764705,0.008422736344575658,0.027515848070186574,0.5204643468371846,0.625,0.00048455168470544913,0.19791666666666666,1.0,0.9333333333333333,1.0,0.5529411764705883,1.0,0.058823529411764705,0.0,1.0,0.0,0.0,1.0,0.19791666666666666
0.058823529411764705,0.007205078139072419,0.03280735731445322,0.6154640981817522,0.725,0.0004118689319996318,0.20052083333333331,1.0,0.9333333333333333,1.0,0.3411764705882353,1.0,0.058823529411764705,0.0,0.0,1.0,0.0,1.0,0.20052083333333331
0.3529411764705882,0.004323046883443451,0.003174905546559987,0.1998543402511045,0.825,0.06343266104479035,0.04427083333333333,1.0,0.9333333333333333,0.7333333333333333,0.12941176470588234,0.25,0.3529411764705882,0.0,0.0,1.0,0.0,1.0,0.04427083333333333
0.3529411764705882,0.005764062511257936,0.06455641278005313,0.8242317744601164,0.7749999999999999,0.05331845221270527,0.028645833333333332,1.0,0.9333333333333333,0.7333333333333333,0.3411764705882353,0.35000000000000003,0.3529411764705882,0.0,0.0,1.0,0.0,1.0,0.028645833333333332
1.0,0.004323046883443451,0.04868188504725317,0.7946656950749428,0.7,0.003451623167385149,0.8776041666666666,1.0,0.9333333333333333,1.0,0.12941176470588234,0.8500000000000001,1.0,0.0,0.0,1.0,0.0,1.0,0.8776041666666666
0.8235294117647058,0.004323046883443451,0.022224338825919926,0.6045033043207264,0.75,0.05282097914974101,0.9817708333333333,1.0,0.9333333333333333,0.4666666666666667,0.3411764705882353,0.35000000000000003,0.8235294117647058,0.0,0.0,1.0,0.0,1.0,0.9817708333333333
0.8823529411764706,0.012969140650330354,0.05397339429151983,0.6279893773890081,0.7,0.005753243669736033,0.4505208333333333,1.0,0.9333333333333333,1.0,0.3411764705882353,0.375,0.8823529411764706,0.0,0.0,1.0,0.0,1.0,0.4505208333333333
0.8823529411764706,0.023776757858938985,0.05926490353578648,0.43957835657080735,0.65,0.00015021102225868922,0.4453125,1.0,0.9333333333333333,1.0,0.5529411764705883,0.25,0.8823529411764706,0.0,0.0,1.0,0.0,1.0,0.4453125
0.8823529411764706,0.16022796867232025,0.41375792403509326,0.6044529177945696,0.65,0.0011693847324224839,0.44791666666666663,1.0,0.9333333333333333,1.0,0.5529411764705883,0.25,0.8823529411764706,0.0,0.0,1.0,0.0,1.0,0.44791666666666663
0.8823529411764706,0.0223357422311245,0.05926490353578648,0.46888580706273725,0.65,8.721930324698084e-05,0.453125,1.0,0.9333333333333333,1.0,0.6470588235294118,0.2,0.8823529411764706,0.0,0.0,1.0,0.0,1.0,0.453125
0.23529411764705882,0.020174218789402773,0.10688848673418633,0.7326162241862445,0.725,0.0062264891484650215,0.5104166666666666,1.0,0.9333333333333333,1.0,0.1341176470588235,0.4,0.23529411764705882,0.0,0.0,1.0,0.0,1.0,0.5104166666666666
0.23529411764705882,0.020174218789402773,0.06455641278005313,0.5494767160739933,0.725,0.0062264891484650215,0.5104166666666666,1.0,0.9333333333333333,1.0,0.1341176470588235,0.4,0.23529411764705882,0.0,0.0,1.0,0.0,1.0,0.5104166666666666
0.3529411764705882,0.009366601580794146,0.08572244975711972,0.8242111657912577,0.7749999999999999,0.004150992765643347,0.05208333333333333,1.0,0.9333333333333333,1.0,0.3411764705882353,0.47500000000000003,0.3529411764705882,0.0,0.0,1.0,0.0,1.0,0.05208333333333333
0.6470588235294118,0.004323046883443451,0.03280735731445322,0.7033923123074671,0.65,0.000831813725411021,0.5651041666666666,1.0,0.9333333333333333,1.0,0.4729411764705883,0.375,0.6470588235294118,0.0,1.0,0.0,0.0,1.0,0.5651041666666666
1.0,0.006484570325165176,0.06455641278005313,0.810494021535316,0.7,0.011928047305165806,0.8932291666666666,1.0,0.9333333333333333,0.3333333333333333,0.3411764705882353,0.875,1.0,0.0,0.0,1.0,0.0,1.0,0.8932291666666666
1.0,0.005764062511257936,0.022224338825919926,0.5495454220762432,0.7,0.00395878726404352,0.9166666666666666,1.0,0.9333333333333333,0.4666666666666667,0.3411764705882353,0.7000000000000001,1.0,0.0,0.0,1.0,0.0,1.0,0.9166666666666666
1.0,0.009006347673840525,0.06984792202431978,0.7822046601857646,0.725,0.00033272549016440843,0.5651041666666666,1.0,0.9333333333333333,1.0,0.3411764705882353,1.0,1.0,0.0,0.0,1.0,0.0,1.0,0.5651041666666666
1.0,0.0014410156278144848,0.022224338825919926,0.7144190688096926,0.75,0.000500703407528964,0.5651041666666666,1.0,0.9333333333333333,1.0,0.7364705882352941,0.8500000000000001,1.0,0.0,1.0,0.0,0.0,1.0,0.5651041666666666
1.0,0.004323046883443451,0.04868188504725317,0.7946656950749428,0.7,0.003451623167385149,0.8802083333333333,1.0,0.9333333333333333,1.0,0.12941176470588234,1.0,1.0,0.0,1.0,0.0,0.0,1.0,0.8802083333333333
1.0,0.01657167971986656,0.10159697748991967,0.7644733258671982,0.8,8.237378639992634e-05,0.8697916666666666,1.0,0.9333333333333333,1.0,0.0,0.375,1.0,0.0,0.0,1.0,0.0,1.0,0.8697916666666666
1.0,0.017292187533773803,0.09630546824565302,0.7392822765982002,0.725,0.0026004273745859102,0.8645833333333333,1.0,0.9333333333333333,1.0,0.3411764705882353,0.9,1.0,0.0,0.0,1.0,0.0,1.0,0.8645833333333333
1.0,0.005764062511257936,0.05397339429151983,0.7849950719932397,0.7,0.003451623167385149,0.8828125,1.0,0.9333333333333333,1.0,0.12941176470588234,0.8500000000000001,1.0,0.0,0.0,1.0,0.0,1.0,0.8828125
1.0,0.008646093766886903,0.04339037580298652,0.6594062195656439,0.7,0.006144115362065095,0.8880208333333333,1.0,0.9333333333333333,0.4666666666666667,0.9999999999999999,0.875,1.0,0.0,0.0,1.0,0.0,1.0,0.8880208333333333
1.0,0.10244324199695946,0.11110264469632028,0.6044529177945696,0.625,0.0001599020559527982,0.8958333333333333,1.0,0.9333333333333333,1.0,0.3411764705882353,0.875,1.0,0.0,0.0,1.0,0.0,1.0,0.8958333333333333
1.0,0.017292187533773803,0.09630546824565302,0.7392822765982002,0.725,0.0026004273745859102,0.8671875,1.0,0.9333333333333333,1.0,0.3411764705882353,0.9,1.0,0.0,0.0,1.0,0.0,1.0,0.8671875
0.3529411764705882,0.0007205078139072424,0.06455641278005313,0.9203960449337205,0.8,0.04164398695586865,0.03125,1.0,0.9333333333333333,0.7333333333333333,0.3411764705882353,0.35000000000000003,0.3529411764705882,0.0,0.0,1.0,0.0,1.0,0.03125
0.3529411764705882,0.009366601580794146,0.10688848673418633,0.8699880288040117,0.7749999999999999,0.0032125776695971276,0.049479166666666664,1.0,0.9333333333333333,1.0,0.3411764705882353,0.4,0.3529411764705882,0.0,0.0,1.0,0.0,1.0,0.049479166666666664
0.3529411764705882,0.004323046883443451,0.08572244975711972,0.901140658663612,0.8,0.053969366642492925,0.03645833333333333,1.0,0.9333333333333333,0.7333333333333333,0.3411764705882353,0.25,0.3529411764705882,0.0,0.0,1.0,0.0,1.0,0.03645833333333333
0.3529411764705882,0.009366601580794146,0.08572244975711972,0.8242111657912577,0.8,0.03763512935107224,0.0390625,1.0,0.9333333333333333,0.7333333333333333,0.12941176470588234,0.375,0.3529411764705882,0.0,0.0,1.0,0.0,1.0,0.0390625
0.3529411764705882,0.009366601580794146,0.08572244975711972,0.8242111657912577,0.8,0.03763512935107224,0.0390625,1.0,0.9333333333333333,0.7333333333333333,0.12941176470588234,0.375,0.3529411764705882,0.0,0.0,1.0,0.0,1.0,0.0390625
0.3529411764705882,0.004287021492748089,0.06455641278005313,0.8523941679174969,0.7749999999999999,0.05331845221270527,0.028645833333333332,1.0,0.9333333333333333,0.7333333333333333,0.3411764705882353,0.35000000000000003,0.3529411764705882,0.0,0.0,1.0,0.0,1.0,0.028645833333333332
0.3529411764705882,0.01657167971986656,0.10688848673418633,0.7784068256522415,0.7749999999999999,0.07134054453918327,0.0234375,1.0,0.9333333333333333,0.7333333333333333,0.12941176470588234,0.4,0.3529411764705882,0.0,0.0,1.0,0.0,1.0,0.0234375
0.3529411764705882,0.009366601580794146,0.1809696161539194,0.9543098344490564,0.8,1.615172282351497e-05,0.0546875,1.0,0.9333333333333333,1.0,0.12941176470588234,0.4,0.3529411764705882,0.0,0.0,1.0,0.0,1.0,0.0546875
0.3529411764705882,0.009366601580794146,0.10688848673418633,0.8699880288040117,0.7749999999999999,0.0032125776695971276,0.049479166666666664,1.0,0.9333333333333333,1.0,0.3411764705882353,0.4,0.3529411764705882,0.0,0.0,1.0,0.0,1.0,0.049479166666666664
0.3529411764705882,0.0014410156278144848,0.10688848673418633,0.9707273522270038,0.7749999999999999,0.0024518315246095726,0.033854166666666664,1.0,0.9333333333333333,0.7333333333333333,0.3411764705882353,0.375,0.3529411764705882,0.0,0.0,1.0,0.0,1.0,0.033854166666666664
0.3529411764705882,0.005043554697350693,0.07513943126858642,0.8669594072148589,0.75,0.02510300761230697,0.020833333333333332,1.0,0.9333333333333333,0.7333333333333333,0.3411764705882353,0.25,0.3529411764705882,0.0,0.0,1.0,0.0,1.0,0.020833333333333332
0.3529411764705882,0.005764062511257936,0.06455641278005313,0.8242317744601164,0.7749999999999999,0.05331845221270527,0.028645833333333332,1.0,0.9333333333333333,0.7333333333333333,0.3411764705882353,0.35000000000000003,0.3529411764705882,0.0,0.0,1.0,0.0,1.0,0.028645833333333332
0.3529411764705882,0.004323046883443451,0.10688848673418633,0.9340948709223402,0.825,0.06343266104479035,0.057291666666666664,1.0,0.9333333333333333,1.0,0.12941176470588234,0.275,0.3529411764705882,0.0,0.0,1.0,0.0,1.0,0.057291666666666664
0.11764705882352941,0.2049916781347494,0.2963351006974209,0.009154583044229907,0.875,0.0002471213591997791,0.7291666666666666,0.6666666666666666,0.43333333333333335,0.7333333333333333,0.9999999999999999,0.325,0.11764705882352941,0.0,0.0,1.0,0.0,1.0,0.7291666666666666
0.11764705882352941,0.2644335727820968,0.4349049115788805,0.6044529177945696,0.8500000000000001,0.00010337102607049582,0.734375,0.6666666666666666,0.9,0.7333333333333333,0.9999999999999999,0.35000000000000003,0.11764705882352941,0.0,0.0,1.0,0.0,1.0,0.734375
0.11764705882352941,0.15959248078045407,0.23283698976622114,0.025300676866622487,0.8999999999999999,0.09012499818293118,0.7421875,0.6666666666666666,0.06666666666666667,0.7333333333333333,0.9999999999999999,0.35000000000000003,0.11764705882352941,0.0,0.0,1.0,0.0,1.0,0.7421875
0.11764705882352941,0.23561326022580717,0.39765480310294105,0.6044529177945696,0.8999999999999999,0.005554577479006798,0.7317708333333333,0.6666666666666666,0.6666666666666666,0.7333333333333333,0.9999999999999999,0.325,0.11764705882352941,0.0,0.0,1.0,0.0,1.0,0.7317708333333333
0.11764705882352941,0.6390976360138626,0.907525584447196,0.6044529177945696,0.925,8.075861411757486e-05,0.7838541666666666,0.6666666666666666,0.6,0.13333333333333333,0.12941176470588234,0.4,0.11764705882352941,0.0,0.0,1.0,0.0,1.0,0.7838541666666666
0.11764705882352941,0.39412497928540036,0.5648664952217671,0.6044529177945696,0.875,0.0002115875689880461,0.7526041666666666,0.6666666666666666,0.9,0.7333333333333333,0.9999999999999999,0.325,0.11764705882352941,0.0,0.0,1.0,0.0,1.0,0.7526041666666666
0.11764705882352941,0.3136442564719614,0.4550803780254204,0.004127180274755208,0.8999999999999999,0.004596780315572361,0.7760416666666666,0.6666666666666666,0.3333333333333333,0.0,0.9999999999999999,0.375,0.11764705882352941,0.0,0.0,1.0,0.0,1.0,0.7760416666666666
0.11764705882352941,0.2932538853383865,0.4611338646008614,0.6044529177945696,0.8999999999999999,0.004596780315572361,0.765625,0.6666666666666666,0.3333333333333333,0.0,0.9999999999999999,0.325,0.11764705882352941,0.0,0.0,1.0,0.0,1.0,0.765625
0.11764705882352941,0.20679294766951747,0.31300970462795397,0.6044529177945696,0.8999999999999999,0.008885062725215586,0.7213541666666666,0.6666666666666666,0.26666666666666666,0.7333333333333333,0.9999999999999999,0.325,0.11764705882352941,0.0,0.0,1.0,0.0,1.0,0.7213541666666666
0.11764705882352941,0.3492085221664229,0.5185784889566202,0.026607492116878448,0.875,0.0024518315246095726,0.7552083333333333,0.6666666666666666,0.1,0.0,0.9999999999999999,0.325,0.11764705882352941,0.0,0.0,1.0,0.0,1.0,0.7552083333333333
0.11764705882352941,0.3797148230072555,0.5648664952217671,0.6044529177945696,0.875,0.0024518315246095726,0.7578125,0.6666666666666666,0.1,0.0,0.9999999999999999,0.375,0.11764705882352941,0.0,0.0,1.0,0.0,1.0,0.7578125
0.11764705882352941,0.3508945104509658,0.5648664952217671,0.6044529177945696,0.875,0.0021772522366098183,0.7473958333333333,0.6666666666666666,0.06666666666666667,0.7333333333333333,0.9999999999999999,0.325,0.11764705882352941,0.0,0.0,1.0,0.0,1.0,0.7473958333333333
0.11764705882352941,0.3436894323118934,0.5648664952217671,0.6044529177945696,0.825,0.0002535820483291851,0.75,0.6666666666666666,0.9,0.7333333333333333,0.9999999999999999,0.375,0.11764705882352941,0.0,0.0,1.0,0.0,1.0,0.75
0.11764705882352941,0.20679294766951747,0.31300970462795397,0.6044529177945696,0.8999999999999999,0.008885062725215586,0.7369791666666666,0.6666666666666666,0.8666666666666667,0.7333333333333333,0.9999999999999999,0.325,0.11764705882352941,0.0,0.0,1.0,0.0,1.0,0.7369791666666666
0.11764705882352941,0.20679294766951747,0.31300970462795397,0.6044529177945696,0.8999999999999999,0.008885062725215586,0.013020833333333332,0.6666666666666666,0.9666666666666667,0.7333333333333333,0.9999999999999999,0.325,0.11764705882352941,0.0,0.0,1.0,0.0,1.0,0.013020833333333332
0.11764705882352941,0.22840097700859566,0.3280841561630208,0.0,0.8999999999999999,0.008885062725215586,0.7265625,0.6666666666666666,0.36666666666666664,0.7333333333333333,0.9999999999999999,0.35000000000000003,0.11764705882352941,0.0,0.0,1.0,0.0,1.0,0.7265625
0.11764705882352941,0.15635740069601056,0.23283698976622114,0.045944961474852525,0.8999999999999999,0.09012499818293118,0.7395833333333333,0.6666666666666666,0.9666666666666667,0.7333333333333333,0.9999999999999999,0.35000000000000003,0.11764705882352941,0.0,0.0,1.0,0.0,1.0,0.7395833333333333
0.11764705882352941,0.2932538853383865,0.4611338646008614,0.6044529177945696,0.8999999999999999,0.004596780315572361,0.7682291666666666,0.6666666666666666,0.06666666666666667,0.0,0.9999999999999999,0.325,0.11764705882352941,0.0,0.0,1.0,0.0,1.0,0.7682291666666666
0.11764705882352941,0.3797148230072555,0.5648664952217671,0.6044529177945696,0.875,0.0024518315246095726,0.7604166666666666,0.6666666666666666,0.3333333333333333,0.0,0.9999999999999999,0.375,0.11764705882352941,0.0,0.0,1.0,0.0,1.0,0.7604166666666666
0.11764705882352941,0.3148691197556037,0.4918436676508874,0.6044529177945696,0.8999999999999999,0.004596780315572361,0.7786458333333333,0.6666666666666666,0.7666666666666666,0.0,0.9999999999999999,0.375,0.11764705882352941,0.0,0.0,1.0,0.0,1.0,0.7786458333333333
0.11764705882352941,0.3148691197556037,0.4918436676508874,0.6044529177945696,0.8999999999999999,0.004596780315572361,0.7734375,0.6666666666666666,0.1,0.0,0.9999999999999999,0.375,0.11764705882352941,0.0,0.0,1.0,0.0,1.0,0.7734375
0.11764705882352941,0.2932538853383865,0.4611338646008614,0.6044529177945696,0.8999999999999999,0.004596780315572361,0.7630208333333333,0.6666666666666666,0.1,0.0,0.9999999999999999,0.325,0.11764705882352941,0.0,0.0,1.0,0.0,1.0,0.7630208333333333
0.11764705882352941,0.2860488071993141,0.4611338646008614,0.6044529177945696,0.875,0.0027764811533622234,0.7447916666666666,0.6666666666666666,0.06666666666666667,0.7333333333333333,0.9999999999999999,0.325,0.11764705882352941,0.0,0.0,1.0,0.0,1.0,0.7447916666666666
0.11764705882352941,0.2932538853383865,0.4611338646008614,0.6044529177945696,0.8999999999999999,0.004596780315572361,0.7708333333333333,0.6666666666666666,0.9666666666666667,0.0,0.9999999999999999,0.325,0.11764705882352941,0.0,0.0,1.0,0.0,1.0,0.7708333333333333
0.11764705882352941,0.22840818208673475,0.36169158967520715,0.6044529177945696,0.8999999999999999,0.008885062725215586,0.7239583333333333,0.6666666666666666,0.26666666666666666,0.7333333333333333,0.9999999999999999,0.35000000000000003,0.11764705882352941,0.0,0.0,1.0,0.0,1.0,0.7239583333333333
0.11764705882352941,0.5238163857887038,0.8842429437724227,0.6044529177945696,0.875,0.0024518315246095726,0.78125,0.6666666666666666,0.26666666666666666,0.8,0.9999999999999999,0.325,0.11764705882352941,0.0,0.0,1.0,0.0,1.0,0.78125
0.8235294117647058,0.005764062511257936,0.04339037580298652,0.7326772884472252,0.8,0.1299922956282132,0.10416666666666666,0.6666666666666666,0.06666666666666667,0.7333333333333333,0.9999999999999999,0.375,0.8235294117647058,0.0,0.0,1.0,0.0,1.0,0.10416666666666666
0.8235294117647058,0.0007205078139072424,0.022224338825919926,0.7418980099868785,0.8,0.04432678811685449,0.09895833333333333,0.8333333333333333,0.06666666666666667,0.7333333333333333,0.9999999999999999,0.35000000000000003,0.8235294117647058,0.0,0.0,1.0,0.0,1.0,0.09895833333333333
0.8235294117647058,0.004323046883443451,0.03280735731445322,0.7033923123074671,0.8,0.3545480828712595,0.375,0.6666666666666666,0.06666666666666667,0.7333333333333333,0.9999999999999999,0.35000000000000003,0.8235294117647058,0.0,0.0,1.0,0.0,1.0,0.375
0.8235294117647058,0.0021615234417217254,0.03280735731445322,0.7693384729017534,0.6,0.000812431658022803,0.09635416666666666,0.6666666666666666,0.3333333333333333,0.7333333333333333,0.3411764705882353,0.375,0.8235294117647058,0.0,0.0,1.0,0.0,1.0,0.09635416666666666
0.8235294117647058,0.002882031255628968,0.03280735731445322,0.7473564193703246,0.825,0.007101912525499533,0.08072916666666666,0.6666666666666666,0.3333333333333333,0.7333333333333333,0.9999999999999999,0.35000000000000003,0.8235294117647058,0.0,0.0,1.0,0.0,1.0,0.08072916666666666
0.8235294117647058,0.0021615234417217254,0.022224338825919926,0.6869401277423952,0.8,0.4451511720497667,0.1015625,0.8333333333333333,0.9666666666666667,0.7333333333333333,0.3411764705882353,0.35000000000000003,0.8235294117647058,0.0,0.0,1.0,0.0,1.0,0.1015625
0.8235294117647058,0.020174218789402773,0.05397339429151983,0.47098368289466486,0.8500000000000001,0.020137968016358466,0.16145833333333331,0.0,0.06666666666666667,0.7333333333333333,0.9999999999999999,0.275,0.8235294117647058,0.0,0.0,1.0,0.0,1.0,0.16145833333333331
0.8235294117647058,0.012969140650330354,0.06455641278005313,0.6868542453219991,0.825,0.0189847350067595,0.11979166666666666,0.8333333333333333,0.06666666666666667,0.7333333333333333,0.9999999999999999,0.375,0.8235294117647058,0.0,0.0,1.0,0.0,1.0,0.11979166666666666
0.8235294117647058,0.012969140650330354,0.04339037580298652,0.5494996161333836,0.825,0.021170063104781072,0.11458333333333333,0.6666666666666666,0.06666666666666667,0.7333333333333333,0.9999999999999999,0.35000000000000003,0.8235294117647058,0.0,0.0,1.0,0.0,1.0,0.11458333333333333
0.8235294117647058,0.009366601580794146,0.05397339429151983,0.7064922246911239,0.825,0.0063686243093119535,0.10677083333333333,0.8333333333333333,0.36666666666666664,0.7333333333333333,0.9999999999999999,0.4,0.8235294117647058,0.0,0.0,1.0,0.0,1.0,0.10677083333333333
0.8235294117647058,0.0007205078139072424,0.03280735731445322,0.8133025799646109,0.7749999999999999,0.23034133435842938,0.4921875,0.8333333333333333,0.06666666666666667,0.9333333333333333,0.9999999999999999,0.275,0.8235294117647058,0.0,0.0,1.0,0.0,1.0,0.4921875
0.8235294117647058,0.012969140650330354,0.07513943126858642,0.7326365778043924,0.7749999999999999,0.037053667329425694,0.1953125,0.0,0.06666666666666667,0.7333333333333333,0.9999999999999999,0.25,0.8235294117647058,0.0,0.0,1.0,0.0,1.0,0.1953125
0.8235294117647058,0.018733203161588288,0.04339037580298652,0.40295747837022095,0.8,0.009695879210956037,0.1171875,0.6666666666666666,0.06666666666666667,0.7333333333333333,0.9999999999999999,0.375,0.8235294117647058,0.0,0.0,1.0,0.0,1.0,0.1171875
0.8235294117647058,0.0021615234417217254,0.03280735731445322,0.7693384729017534,0.7749999999999999,0.2399403032324443,0.109375,0.6666666666666666,0.06666666666666667,0.8666666666666667,0.9999999999999999,0.25,0.8235294117647058,0.0,0.0,1.0,0.0,1.0,0.109375
0.8235294117647058,0.004323046883443451,0.04339037580298652,0.769312822888016,0.8,0.05249955986555306,0.09114583333333333,0.6666666666666666,0.06666666666666667,0.9333333333333333,0.9999999999999999,0.30000000000000004,0.8235294117647058,0.0,0.0,1.0,0.0,1.0,0.09114583333333333
0.8235294117647058,0.005764062511257936,0.04339037580298652,0.7326772884472252,0.7749999999999999,0.11205742260498217,0.11197916666666666,0.6666666666666666,0.06666666666666667,0.9333333333333333,0.12941176470588234,0.325,0.8235294117647058,0.0,0.0,1.0,0.0,1.0,0.11197916666666666
0.8235294117647058,0.0021615234417217254,0.022224338825919926,0.6869401277423952,0.75,0.010719898437966887,0.125,0.0,0.06666666666666667,0.7333333333333333,0.9999999999999999,0.25,0.8235294117647058,0.0,0.0,1.0,0.0,1.0,0.125
0.8235294117647058,0.004323046883443451,0.04339037580298652,0.769312822888016,0.7749999999999999,0.005661178849641998,0.09375,0.8333333333333333,0.06666666666666667,0.7333333333333333,0.9999999999999999,0.375,0.8235294117647058,0.0,0.0,1.0,0.0,1.0,0.09375
0.8235294117647058,0.004323046883443451,0.022224338825919926,0.6045033043207264,0.8,0.009640963353356086,0.859375,0.6666666666666666,0.36666666666666664,0.7333333333333333,0.9999999999999999,0.35000000000000003,0.8235294117647058,0.0,0.0,1.0,0.0,1.0,0.859375
0.1764705882352941,0.004323046883443451,0.06446116561365632,0.8514288973488121,0.7749999999999999,0.20274127039760698,0.5494791666666666,0.6666666666666666,0.1,0.7333333333333333,0.9999999999999999,0.35000000000000003,0.1764705882352941,0.0,0.0,1.0,0.0,1.0,0.5494791666666666
0.1764705882352941,0.00360253906953621,0.04329512863658973,0.7871629824866784,0.75,0.15891195534371677,0.8020833333333333,0.6666666666666666,0.06666666666666667,0.7333333333333333,0.9999999999999999,0.35000000000000003,0.1764705882352941,0.0,0.0,1.0,0.0,1.0,0.8020833333333333
0.1764705882352941,0.009366601580794146,0.07504418410218962,0.7933869127878753,0.8,0.004671078240560529,0.796875,0.6666666666666666,0.06666666666666667,0.7333333333333333,0.9999999999999999,0.4,0.1764705882352941,0.0,0.0,1.0,0.0,1.0,0.796875
0.1764705882352941,0.015130664092052078,0.08360584605941306,0.7288918533781847,0.7749999999999999,0.021417184463980853,0.5442708333333333,0.6666666666666666,0.7666666666666666,0.7333333333333333,0.9999999999999999,0.375,0.1764705882352941,0.0,0.0,1.0,0.0,1.0,0.5442708333333333
0.1764705882352941,0.0021615234417217254,0.04329512863658973,0.8238535619477175,0.7749999999999999,0.07347580229645195,0.8098958333333333,0.6666666666666666,0.7666666666666666,0.7333333333333333,0.9999999999999999,0.325,0.1764705882352941,0.0,0.0,1.0,0.0,1.0,0.8098958333333333
0.1764705882352941,0.009366601580794146,0.04329512863658973,0.6404006645326338,0.8,0.06417564029467203,0.7942708333333333,0.6666666666666666,0.36666666666666664,0.7333333333333333,0.9999999999999999,0.35000000000000003,0.1764705882352941,0.0,0.0,1.0,0.0,1.0,0.7942708333333333
0.1764705882352941,0.0007205078139072424,0.053878147125123024,0.8946364610371882,0.725,0.028192832188445382,0.8125,0.6666666666666666,0.7333333333333333,0.7333333333333333,0.9999999999999999,0.35000000000000003,0.1764705882352941,0.0,0.0,1.0,0.0,1.0,0.8125
0.1764705882352941,0.0007205078139072424,0.04329512863658973,0.860544141518645,0.7749999999999999,1.0,0.5416666666666666,0.8333333333333333,0.1,0.9333333333333333,0.9999999999999999,0.25,0.1764705882352941,0.0,0.0,1.0,0.0,1.0,0.5416666666666666
0.1764705882352941,0.005764062511257936,0.07513943126858642,0.8547482408149079,0.725,0.010446934322249484,0.546875,0.6666666666666666,0.06666666666666667,0.7333333333333333,0.9999999999999999,0.375,0.1764705882352941,0.0,0.0,1.0,0.0,1.0,0.546875
0.1764705882352941,0.009366601580794146,0.06446116561365632,0.7551563068053274,0.75,0.013208878925070543,0.7864583333333333,0.6666666666666666,0.3333333333333333,0.7333333333333333,0.9999999999999999,0.375,0.1764705882352941,0.0,0.0,1.0,0.0,1.0,0.7864583333333333
0.1764705882352941,0.020174218789402773,0.053878147125123024,0.4701752720296015,0.8,0.0010127130210343886,0.8072916666666666,0.6666666666666666,0.7666666666666666,0.7333333333333333,0.9999999999999999,0.375,0.1764705882352941,0.0,0.0,1.0,0.0,1.0,0.8072916666666666
0.1764705882352941,0.01152812502251587,0.04329512863658973,0.5853647952311868,0.725,0.0038844893390553507,0.8046875,0.8333333333333333,0.3333333333333333,0.7333333333333333,0.9999999999999999,0.325,0.1764705882352941,0.0,0.0,1.0,0.0,1.0,0.8046875
0.1764705882352941,0.005764062511257936,0.053878147125123024,0.7845909676029865,0.725,0.019422446695276752,0.7057291666666666,0.6666666666666666,0.1,0.7333333333333333,0.9999999999999999,0.30000000000000004,0.1764705882352941,0.0,0.0,1.0,0.0,1.0,0.7057291666666666
0.1764705882352941,0.2745192411611704,0.042332073954133194,0.6044529177945696,1.0,0.0016393998665867695,0.7890625,0.6666666666666666,0.06666666666666667,0.7333333333333333,0.9999999999999999,0.35000000000000003,0.1764705882352941,0.0,0.0,1.0,0.0,1.0,0.7890625
0.1764705882352941,0.007925585952979661,0.053878147125123024,0.7374286133054396,0.725,0.026932997808211213,0.6119791666666666,0.8333333333333333,0.06666666666666667,0.7333333333333333,0.9999999999999999,0.35000000000000003,0.1764705882352941,0.0,0.0,1.0,0.0,1.0,0.6119791666666666
0.1764705882352941,0.012969140650330354,0.06446116561365632,0.6863901706086485,0.7,0.018314438509583624,0.8619791666666666,0.8333333333333333,0.06666666666666667,0.7333333333333333,0.9999999999999999,0.25,0.1764705882352941,0.0,0.0,1.0,0.0,1.0,0.8619791666666666
0.7058823529411764,0.05619960948476486,0.13863754219978622,0.43954904716727095,0.8500000000000001,0.023600897389720075,0.4270833333333333,0.0,0.06666666666666667,0.2,0.3411764705882353,0.275,0.7058823529411764,0.0,0.0,1.0,0.0,1.0,0.4270833333333333
0.7058823529411764,0.08501992204105453,0.1809696161539194,0.34700050304162683,0.8,0.00013405929943517426,0.6796875,0.0,0.1,0.26666666666666666,0.3411764705882353,0.275,0.7058823529411764,0.0,0.0,1.0,0.0,1.0,0.6796875
0.7058823529411764,0.09222500018012694,0.14922056068831951,0.13733554187911554,0.8500000000000001,0.023600897389720075,0.42447916666666663,0.0,0.13333333333333333,0.26666666666666666,0.3411764705882353,0.375,0.7058823529411764,0.0,0.0,1.0,0.0,1.0,0.42447916666666663
0.7058823529411764,0.12104531273641662,0.202135653130986,0.15695734019818508,0.8500000000000001,0.0017928412334101617,0.6822916666666666,0.0,0.1,0.4,0.788235294117647,0.275,0.7058823529411764,0.0,0.0,1.0,0.0,1.0,0.6822916666666666
0.7058823529411764,0.02737929692847519,0.09630546824565302,0.5994117430229584,0.825,0.0036179859124673536,0.671875,0.6666666666666666,0.6666666666666666,0.7333333333333333,0.9999999999999999,0.325,0.7058823529411764,0.0,0.0,1.0,0.0,1.0,0.671875
0.7058823529411764,0.056545453235440336,0.1703865976653861,0.5465080364567603,0.825,0.002871776318020962,0.4192708333333333,0.0,0.13333333333333333,0.26666666666666666,0.9999999999999999,0.225,0.7058823529411764,0.0,0.0,1.0,0.0,1.0,0.4192708333333333
0.7058823529411764,0.04899453134569245,0.16333830735202293,0.5917263973127906,0.825,0.002871776318020962,0.703125,0.0,0.06666666666666667,0.7333333333333333,0.9999999999999999,0.225,0.7058823529411764,0.0,0.0,1.0,0.0,1.0,0.703125
0.7058823529411764,0.0706097657629097,0.12805452371125292,0.23545831786100957,0.8500000000000001,0.023600897389720075,0.421875,0.0,0.06666666666666667,0.2,0.9999999999999999,0.35000000000000003,0.7058823529411764,0.0,0.0,1.0,0.0,1.0,0.421875
0.9411764705882353,0.08495507633780287,0.2973828195277857,0.6230173176238459,0.8500000000000001,0.05735476774630166,0.640625,0.0,0.06666666666666667,0.6666666666666666,0.12941176470588234,0.275,0.9411764705882353,0.0,0.0,1.0,0.0,1.0,0.640625
0.9411764705882353,0.19309609412714082,0.2973828195277857,0.073227898411453,0.825,0.0007009847705405498,0.6458333333333333,0.0,0.3,0.6666666666666666,0.12941176470588234,0.225,0.9411764705882353,0.0,0.0,1.0,0.0,1.0,0.6458333333333333
0.9411764705882353,0.25073671923972013,0.4032130044131187,0.10985763222326678,0.825,0.0007009847705405498,0.6484375,0.0,0.3,0.6666666666666666,0.12941176470588234,0.275,0.9411764705882353,0.0,0.0,1.0,0.0,1.0,0.6484375
0.9411764705882353,0.15526943389701062,0.3820469674360521,0.44097724576504593,0.8,0.0009141875118109474,0.3098958333333333,0.0,0.06666666666666667,0.2,0.12941176470588234,0.275,0.9411764705882353,0.0,0.0,1.0,0.0,1.0,0.3098958333333333
0.9411764705882353,0.2291214848225029,0.3608809304589855,0.09154271441710599,0.825,0.0007009847705405498,0.6432291666666666,0.0,0.3,0.6666666666666666,0.12941176470588234,0.225,0.9411764705882353,0.0,0.0,1.0,0.0,1.0,0.6432291666666666
0.9411764705882353,0.3155824224913719,0.49846017080991833,0.08967315299267035,0.8500000000000001,0.00014051998856458024,0.6510416666666666,0.0,0.06666666666666667,0.6666666666666666,0.12941176470588234,0.275,0.9411764705882353,0.0,0.0,1.0,0.0,1.0,0.6510416666666666
0.9411764705882353,0.24351723094436958,0.4349620598787186,0.20446578798090814,0.8,0.0009141875118109474,0.3177083333333333,0.0,0.8666666666666667,0.2,0.12941176470588234,0.275,0.9411764705882353,0.0,0.0,1.0,0.0,1.0,0.3177083333333333
0.9411764705882353,0.351607813186734,0.5619582817411182,0.09986685712682493,0.8500000000000001,0.00014051998856458024,0.6536458333333333,0.0,0.36666666666666664,0.6666666666666666,0.12941176470588234,0.275,0.9411764705882353,0.0,0.0,1.0,0.0,1.0,0.6536458333333333
0.9411764705882353,0.17148085970992355,0.2656337640621858,0.08136834425868608,0.7749999999999999,0.00014536550541163475,0.3046875,0.0,0.06666666666666667,0.2,0.12941176470588234,0.8,0.9411764705882353,0.0,0.0,1.0,0.0,1.0,0.3046875
0.9411764705882353,0.2219164066834305,0.3502979119704522,0.09415924960566013,0.7,6.299171901170839e-05,0.30729166666666663,0.0,0.06666666666666667,0.2,0.12941176470588234,0.225,0.9411764705882353,0.0,0.0,1.0,0.0,1.0,0.30729166666666663
0.9411764705882353,0.1138402345973442,0.3502979119704522,0.5651225011691815,0.8,0.0009141875118109474,0.32291666666666663,0.0,0.06666666666666667,0.2,0.12941176470588234,0.275,0.9411764705882353,0.0,0.0,1.0,0.0,1.0,0.32291666666666663
0.9411764705882353,0.27588964702322194,0.4349049115788805,0.6044529177945696,0.825,0.0024033763561390276,0.28125,0.0,0.06666666666666667,0.26666666666666666,0.12941176470588234,0.375,0.9411764705882353,0.0,0.0,1.0,0.0,1.0,0.28125
0.9411764705882353,0.11737792796362877,0.3502979119704522,0.5497063040207825,0.8,0.0009141875118109474,0.3125,0.0,0.8666666666666667,0.2,0.12941176470588234,0.225,0.9411764705882353,0.0,0.0,1.0,0.0,1.0,0.3125
0.9411764705882353,0.2219164066834305,0.4032130044131187,0.21974866503489834,0.8,0.0009141875118109474,0.31510416666666663,0.0,0.06666666666666667,0.2,0.12941176470588234,0.225,0.9411764705882353,0.0,0.0,1.0,0.0,1.0,0.31510416666666663
0.9411764705882353,0.20030117226621325,0.3185488565048523,0.10299008654097164,0.7,1.7766895105866468e-05,0.3203125,0.0,0.6666666666666666,0.2,0.12941176470588234,0.225,0.9411764705882353,0.0,0.0,1.0,0.0,1.0,0.3203125
0.9411764705882353,0.07781484390198211,0.3078705908499222,0.6733736441721072,0.825,0.0024033763561390276,0.27604166666666663,0.0,0.06666666666666667,0.26666666666666666,0.12941176470588234,0.325,0.9411764705882353,0.0,0.0,1.0,0.0,1.0,0.27604166666666663
0.9411764705882353,0.1138402345973442,0.28141304462858896,0.44318397022950795,0.7749999999999999,0.0031964259467736128,0.296875,0.0,0.36666666666666664,0.7333333333333333,0.12941176470588234,0.275,0.9411764705882353,0.0,0.0,1.0,0.0,1.0,0.296875
0.9411764705882353,0.1138402345973442,0.3184536093384555,0.5149198000925195,0.8500000000000001,0.03866560926721249,0.29947916666666663,0.0,0.06666666666666667,0.26666666666666666,0.12941176470588234,0.35000000000000003,0.9411764705882353,0.0,0.0,1.0,0.0,1.0,0.29947916666666663
0.9411764705882353,0.1138402345973442,0.25495549840725573,0.3801149547280885,0.8500000000000001,0.03866560926721249,0.2942708333333333,0.0,0.03333333333333333,0.7333333333333333,0.12941176470588234,0.35000000000000003,0.9411764705882353,0.0,0.0,1.0,0.0,1.0,0.2942708333333333
0.9411764705882353,0.18942870935435296,0.29727698934290037,0.09153711707046865,0.8,0.0003230344564702994,0.2890625,0.0,0.06666666666666667,0.7333333333333333,0.12941176470588234,0.375,0.9411764705882353,0.0,0.0,1.0,0.0,1.0,0.2890625
0.9411764705882353,0.13539062331130983,0.24126530569048904,0.6044529177945696,0.825,0.00010821654291755031,0.29166666666666663,0.0,0.1,0.6666666666666666,0.12941176470588234,0.2,0.9411764705882353,0.0,0.0,1.0,0.0,1.0,0.29166666666666663
0.9411764705882353,0.1678134749371357,0.28141304462858896,0.15424990657360593,0.675,0.0002455061869174276,0.28385416666666663,0.0,0.03333333333333333,0.7333333333333333,0.12941176470588234,0.35000000000000003,0.9411764705882353,0.0,0.0,1.0,0.0,1.0,0.28385416666666663
0.9411764705882353,0.2146464828411064,0.34491115555978874,0.111479791447202,0.7749999999999999,0.0031964259467736128,0.3020833333333333,0.0,0.13333333333333333,0.7333333333333333,0.788235294117647,0.275,0.9411764705882353,0.0,0.0,1.0,0.0,1.0,0.3020833333333333
0.9411764705882353,0.207441404702034,0.3078705908499222,0.03542587184141313,0.825,0.0024033763561390276,0.2786458333333333,0.0,0.6666666666666666,0.26666666666666666,0.12941176470588234,0.325,0.9411764705882353,0.0,0.0,1.0,0.0,1.0,0.2786458333333333
0.9411764705882353,0.11377538889409256,0.3397148934819189,0.5497150771718403,0.875,0.019721253567511778,0.2864583333333333,0.0,0.06666666666666667,0.6666666666666666,0.12941176470588234,0.375,0.9411764705882353,0.0,0.0,1.0,0.0,1.0,0.2864583333333333
0.4117647058823529,0.07565332046026038,0.13863754219978622,0.24173694560580744,0.825,0.006457458784841286,0.5963541666666666,0.8333333333333333,0.06666666666666667,0.7333333333333333,0.12941176470588234,0.25,0.4117647058823529,0.0,0.0,1.0,0.0,1.0,0.5963541666666666
0.4117647058823529,0.09943007831919937,0.190439301097459,0.6044529177945696,0.925,0.0016393998665867695,0.08333333333333333,0.6666666666666666,0.06666666666666667,0.7333333333333333,0.9999999999999999,0.17500000000000002,0.4117647058823529,0.0,0.0,1.0,0.0,1.0,0.08333333333333333
0.4117647058823529,0.09943007831919937,0.190439301097459,0.6044529177945696,0.925,6.460689129405989e-06,0.9583333333333333,0.6666666666666666,0.1,0.7333333333333333,0.12941176470588234,0.25,0.4117647058823529,0.0,0.0,1.0,1.0,0.0,0.9583333333333333
0.4117647058823529,0.09943007831919937,0.190439301097459,0.6044529177945696,0.925,8.075861411757486e-06,0.9557291666666666,0.6666666666666666,0.06666666666666667,0.7333333333333333,0.12941176470588234,0.05,0.4117647058823529,0.0,0.0,1.0,1.0,0.0,0.9557291666666666
0.4117647058823529,0.13905800808409768,0.2264490798065424,0.6044529177945696,0.925,0.00018251446790571918,0.20572916666666666,0.3333333333333333,0.6666666666666666,0.7333333333333333,0.12941176470588234,0.05,0.4117647058823529,0.0,0.0,1.0,0.0,1.0,0.20572916666666666
0.4117647058823529,0.05619960948476486,0.16507603898784012,0.6044529177945696,0.925,0.0016393998665867695,0.3802083333333333,0.6666666666666666,0.5,0.7333333333333333,0.9999999999999999,0.1,0.4117647058823529,0.0,0.0,1.0,0.0,1.0,0.3802083333333333
0.4117647058823529,0.05619960948476486,0.15126308325660645,0.6044529177945696,0.925,0.0016393998665867695,0.2109375,0.6666666666666666,0.6333333333333333,0.6666666666666666,0.12941176470588234,0.05,0.4117647058823529,0.0,0.0,1.0,1.0,0.0,0.2109375
0.4117647058823529,0.11888378929469488,0.1809696161539194,0.07515727843623021,0.825,0.0007332882161875797,0.6015625,0.3333333333333333,0.06666666666666667,0.6666666666666666,0.788235294117647,0.42500000000000004,0.4117647058823529,0.0,0.0,1.0,0.0,1.0,0.6015625
0.4117647058823529,0.13905800808409768,0.2264490798065424,0.6044529177945696,0.925,0.00018251446790571918,0.6041666666666666,0.8333333333333333,0.0,0.7333333333333333,0.788235294117647,0.30000000000000004,0.4117647058823529,0.0,0.0,1.0,0.0,1.0,0.6041666666666666
0.4117647058823529,0.14266054715363388,0.22330169010805262,0.0955257850073426,0.8,0.0008818840661639174,0.5182291666666666,0.3333333333333333,0.06666666666666667,0.6666666666666666,0.788235294117647,0.325,0.4117647058823529,0.0,0.0,1.0,0.0,1.0,0.5182291666666666
0.4117647058823529,0.05619960948476486,0.22859319935231925,0.6780295556692502,0.7749999999999999,0.007226280791240598,0.609375,0.8333333333333333,0.2,0.13333333333333333,0.12941176470588234,0.25,0.4117647058823529,0.0,0.0,1.0,0.0,1.0,0.609375
0.4117647058823529,0.1822884769185322,0.33864600861457705,0.6044529177945696,0.7749999999999999,0.0005911530553406479,0.4036458333333333,0.8333333333333333,0.36666666666666664,0.6666666666666666,0.788235294117647,0.25,0.4117647058823529,0.0,0.0,1.0,0.0,1.0,0.4036458333333333
0.4117647058823529,0.13545546901456146,0.23279889089966238,0.6044529177945696,0.8,0.0025552025506800683,0.0703125,0.16666666666666666,0.06666666666666667,0.6666666666666666,0.12941176470588234,0.25,0.4117647058823529,0.0,0.0,1.0,0.0,1.0,0.0703125
0.4117647058823529,0.17141601400667192,0.291824618217608,0.6044529177945696,0.725,0.00030203721679973,0.5520833333333333,0.8333333333333333,0.1,0.6666666666666666,0.9999999999999999,0.25,0.4117647058823529,0.0,0.0,1.0,0.0,1.0,0.5520833333333333
0.4117647058823529,0.1138402345973442,0.28780095458826765,0.6044529177945696,0.8,0.0006864482199993862,0.6067708333333333,0.8333333333333333,0.7333333333333333,0.7333333333333333,0.12941176470588234,0.17500000000000002,0.4117647058823529,0.0,0.0,1.0,0.0,1.0,0.6067708333333333
0.4117647058823529,0.13971367019475328,0.20742716237525266,0.04642850526059611,0.7749999999999999,0.007226280791240598,0.59375,0.8333333333333333,0.06666666666666667,0.7333333333333333,0.12941176470588234,0.25,0.4117647058823529,0.0,0.0,1.0,0.0,1.0,0.59375
0.4117647058823529,0.17148085970992355,0.291824618217608,0.6044529177945696,0.925,0.0016393998665867695,0.5208333333333333,0.8333333333333333,1.0,0.7333333333333333,0.788235294117647,0.30000000000000004,0.4117647058823529,0.0,0.0,1.0,0.0,1.0,0.5208333333333333
0.4117647058823529,0.10303261738873558,0.2338847085965859,0.3891704942846984,0.875,0.00014698067769398622,0.5989583333333333,0.8333333333333333,0.5333333333333333,0.13333333333333333,0.788235294117647,1.0,0.4117647058823529,0.0,0.0,1.0,0.0,1.0,0.5989583333333333
0.4117647058823529,0.13905800808409768,0.2264490798065424,0.6044529177945696,0.925,0.0016393998665867695,0.203125,0.3333333333333333,0.06666666666666667,0.6666666666666666,0.12941176470588234,0.05,0.4117647058823529,0.0,0.0,1.0,0.0,1.0,0.203125
0.4117647058823529,0.13905800808409768,0.2264490798065424,0.6044529177945696,0.925,0.0016393998665867695,0.20833333333333331,0.3333333333333333,0.1,0.6666666666666666,0.9999999999999999,0.05,0.4117647058823529,0.0,0.0,1.0,0.0,1.0,0.20833333333333331
0.0,0.020174218789402773,0.04339037580298652,0.3663219438195419,0.8,0.005053874071477835,0.47135416666666663,0.8333333333333333,0.6666666666666666,0.7333333333333333,0.9999999999999999,0.375,0.0,0.0,0.0,1.0,0.0,1.0,0.47135416666666663
0.0,0.045391992276156236,0.1598035791768528,0.6140843198790396,0.825,0.018605169520406896,0.2552083333333333,0.0,0.36666666666666664,0.7333333333333333,0.3411764705882353,0.275,0.0,0.0,0.0,1.0,0.0,1.0,0.2552083333333333
0.0,0.023776757858938985,0.04339037580298652,0.27473310771756526,0.7749999999999999,0.000536237197740697,0.05989583333333333,0.8333333333333333,0.03333333333333333,0.7333333333333333,0.3411764705882353,0.35000000000000003,0.0,0.0,0.0,1.0,0.0,1.0,0.05989583333333333
0.0,0.06340468762383727,0.1703865976653861,0.4883861142119019,0.875,0.008502266894298281,0.5572916666666666,0.0,0.06666666666666667,0.7333333333333333,0.5529411764705883,0.25,0.0,0.0,0.0,1.0,0.0,1.0,0.5572916666666666
0.0,0.1138402345973442,0.2338847085965859,0.3204874540711575,0.825,0.0009271088900697593,0.265625,0.0,0.06666666666666667,0.7333333333333333,0.3411764705882353,0.275,0.0,0.0,0.0,1.0,0.0,1.0,0.265625
0.0,0.02737929692847519,0.05397339429151983,0.31397798840032165,0.7749999999999999,0.007580003521075576,0.06770833333333333,0.6666666666666666,0.6666666666666666,0.7333333333333333,0.9999999999999999,0.275,0.0,0.0,0.0,1.0,0.0,1.0,0.06770833333333333
0.0,0.09222500018012694,0.1809696161539194,0.2891615190666655,0.7749999999999999,0.0004926275461172066,0.26822916666666663,0.8333333333333333,0.4666666666666667,0.7333333333333333,0.3411764705882353,0.375,0.0,0.0,0.0,1.0,0.0,1.0,0.26822916666666663
0.0,0.09222500018012694,0.1809696161539194,0.2891615190666655,0.7749999999999999,0.001481112982916323,0.26041666666666663,0.0,0.36666666666666664,0.7333333333333333,0.788235294117647,0.275,0.0,0.0,0.0,1.0,0.0,1.0,0.26041666666666663
0.0,0.12825039087548906,0.2550507455736525,0.2958310553768279,0.8,0.00018412964018807066,0.2630208333333333,0.0,0.13333333333333333,0.7333333333333333,0.3411764705882353,0.275,0.0,0.0,0.0,1.0,0.0,1.0,0.2630208333333333
0.0,0.04178945320662003,0.08572244975711972,0.32966442589755124,0.675,0.00012921378258811975,0.2734375,0.6666666666666666,0.06666666666666667,0.7333333333333333,0.3411764705882353,0.325,0.0,0.0,0.0,1.0,0.0,1.0,0.2734375
0.0,0.05619960948476486,0.12805452371125292,0.3924527969371474,0.825,0.0009319544069168139,0.2578125,0.0,0.06666666666666667,0.7333333333333333,0.788235294117647,0.275,0.0,0.0,0.0,1.0,0.0,1.0,0.2578125
0.0,0.13545546901456146,0.2338847085965859,0.18312137342429916,0.825,0.0016393998665867695,0.2708333333333333,0.6666666666666666,0.9666666666666667,0.7333333333333333,0.3411764705882353,0.375,0.0,0.0,0.0,1.0,0.0,1.0,0.2708333333333333
0.0,0.012969140650330354,0.04339037580298652,0.5494996161333836,0.7,2.2612411952920957e-05,0.06510416666666666,0.8333333333333333,0.06666666666666667,0.7333333333333333,0.9999999999999999,0.275,0.0,0.0,0.0,1.0,0.0,1.0,0.06510416666666666
0.0,0.04323767391257358,0.13863754219978622,0.5713505178860551,0.75,8.075861411757486e-06,0.0625,0.8333333333333333,0.06666666666666667,0.7333333333333333,0.12941176470588234,0.65,0.0,0.0,0.0,1.0,0.0,1.0,0.0625
0.5294117647058824,1.0,0.907525584447196,0.6044529177945696,0.925,0.009724952312038364,0.19010416666666666,0.0,0.8666666666666667,0.8,0.788235294117647,0.025,0.5294117647058824,0.0,0.0,1.0,0.0,1.0,0.19010416666666666
0.5294117647058824,0.11377538889409256,0.20204040596458922,0.2093773388604851,0.8500000000000001,0.00014375033312928324,0.5833333333333333,0.8333333333333333,0.36666666666666664,0.7333333333333333,0.788235294117647,0.25,0.5294117647058824,0.0,0.0,1.0,0.0,1.0,0.5833333333333333
0.5294117647058824,0.27588964702322194,0.4349049115788805,0.6044529177945696,1.0,8.075861411757486e-06,0.22395833333333331,0.0,0.36666666666666664,0.7333333333333333,0.3411764705882353,0.25,0.5294117647058824,1.0,0.0,0.0,0.0,1.0,0.22395833333333331
0.5294117647058824,0.23265917818878745,0.36169158967520715,0.6044529177945696,0.925,0.0016393998665867695,0.5755208333333333,0.8333333333333333,0.06666666666666667,0.7333333333333333,0.788235294117647,0.275,0.5294117647058824,0.0,0.0,1.0,0.0,1.0,0.5755208333333333
0.5294117647058824,0.17141601400667192,0.36607719253685533,0.3462848465707882,0.8500000000000001,6.783723585876288e-05,0.22135416666666666,0.0,0.7666666666666666,0.7333333333333333,0.9999999999999999,0.225,0.5294117647058824,1.0,0.0,0.0,0.0,1.0,0.22135416666666666
0.5294117647058824,0.2434667953973961,0.5301139791091215,0.3592858635944757,0.825,8.075861411757486e-06,0.22916666666666666,0.0,0.7666666666666666,0.7333333333333333,0.9999999999999999,0.225,0.5294117647058824,1.0,0.0,0.0,0.0,1.0,0.22916666666666666
0.5294117647058824,0.27588964702322194,0.4242837942237885,0.06539187055444926,0.95,8.075861411757486e-06,0.5703125,0.0,0.1,0.7333333333333333,0.788235294117647,0.75,0.5294117647058824,0.0,0.0,1.0,0.0,1.0,0.5703125
0.5294117647058824,0.6361435539768429,0.97460075562752,0.05257829046302576,0.925,0.0016393998665867695,0.1875,0.0,0.06666666666666667,0.7333333333333333,0.5529411764705883,0.025,0.5294117647058824,0.0,0.0,1.0,0.0,1.0,0.1875
0.5294117647058824,0.47763183491724964,0.8122784180503962,0.6044529177945696,0.925,0.0016393998665867695,0.234375,0.0,0.9666666666666667,0.7333333333333333,0.3411764705882353,0.25,0.5294117647058824,1.0,0.0,0.0,0.0,1.0,0.234375
0.5294117647058824,0.14259570145038225,0.2264490798065424,0.6044529177945696,0.8,9.691033694108982e-05,0.2265625,0.0,0.1,0.7333333333333333,0.9999999999999999,0.17500000000000002,0.5294117647058824,1.0,0.0,0.0,0.0,1.0,0.2265625
0.5294117647058824,0.7045917962980308,0.907525584447196,0.6044529177945696,0.925,0.009724952312038364,0.15625,0.0,0.06666666666666667,0.7333333333333333,0.788235294117647,0.025,0.5294117647058824,0.0,0.0,1.0,0.0,1.0,0.15625
0.5294117647058824,0.35154296748348235,0.5301139791091215,0.0422394539250673,0.925,0.0016393998665867695,0.015625,0.0,0.06666666666666667,0.7333333333333333,0.3411764705882353,0.25,0.5294117647058824,0.0,0.0,1.0,0.0,1.0,0.015625
0.5294117647058824,0.31551757678812026,0.5142394513763215,0.11967061415042275,0.75,8.075861411757486e-06,0.38541666666666663,0.0,0.1,0.7333333333333333,0.788235294117647,0.15000000000000002,0.5294117647058824,1.0,0.0,0.0,0.0,1.0,0.38541666666666663
0.5294117647058824,0.15700585772852707,0.3131621000941888,0.2965847090190629,0.7749999999999999,3.068827336467845e-05,0.40104166666666663,0.0,0.06666666666666667,0.7333333333333333,0.3411764705882353,0.15000000000000002,0.5294117647058824,1.0,0.0,0.0,0.0,1.0,0.40104166666666663
0.5294117647058824,0.23265917818878745,0.37136870178112197,0.10394307932447223,0.8999999999999999,6.460689129405989e-06,0.390625,0.0,0.06666666666666667,0.7333333333333333,0.788235294117647,0.15000000000000002,0.5294117647058824,1.0,0.0,0.0,0.0,1.0,0.390625
0.5294117647058824,0.27588964702322194,0.4560328496893884,0.1343043568160361,0.925,0.00017443860649396167,0.5729166666666666,0.0,0.9666666666666667,0.7333333333333333,0.9999999999999999,0.625,0.5294117647058824,0.0,0.0,1.0,0.0,1.0,0.5729166666666666
0.5294117647058824,0.19303124842388916,0.32253230466393623,0.6044529177945696,1.0,3.2303445647029947e-06,0.578125,0.8333333333333333,0.36666666666666664,0.6666666666666666,0.788235294117647,0.275,0.5294117647058824,0.0,0.0,1.0,0.0,1.0,0.578125
0.5294117647058824,0.13899316238084602,0.2264490798065424,0.6044529177945696,1.0,3.2303445647029947e-06,0.6145833333333333,0.0,0.13333333333333333,0.7333333333333333,0.12941176470588234,0.45,0.5294117647058824,1.0,0.0,0.0,0.0,1.0,0.6145833333333333
0.5294117647058824,0.6361435539768429,0.9322686816733868,0.006072182457767099,0.925,0.009724952312038364,0.15885416666666666,0.0,0.36666666666666664,0.7333333333333333,0.788235294117647,0.025,0.5294117647058824,0.0,0.0,1.0,0.0,1.0,0.15885416666666666
0.5294117647058824,0.3299277330662651,0.5290747266935475,0.6044529177945696,0.875,1.130620597646048e-05,0.5677083333333333,0.0,0.9666666666666667,0.7333333333333333,0.12941176470588234,0.25,0.5294117647058824,0.0,0.0,1.0,0.0,1.0,0.5677083333333333
0.5294117647058824,0.31551757678812026,0.477198886666455,0.04673752316347205,0.75,8.075861411757486e-06,0.3828125,0.0,0.06666666666666667,0.7333333333333333,0.788235294117647,0.15000000000000002,0.5294117647058824,1.0,0.0,0.0,0.0,1.0,0.3828125
0.5294117647058824,0.3299277330662651,0.6412356732387211,0.2725331581955756,0.7749999999999999,1.4536550541163476e-05,0.23177083333333331,0.0,0.06666666666666667,0.7333333333333333,0.3411764705882353,0.4,0.5294117647058824,1.0,0.0,0.0,0.0,1.0,0.23177083333333331
0.5294117647058824,0.23265917818878745,0.39782624800245525,0.16692778280799633,0.925,0.00017443860649396167,0.3984375,0.0,0.7666666666666666,0.7333333333333333,0.788235294117647,0.125,0.5294117647058824,1.0,0.0,0.0,1.0,0.0,0.3984375
0.5294117647058824,0.14259570145038225,0.25495549840725573,0.21137153509494488,0.6,9.691033694108983e-06,0.5807291666666666,0.8333333333333333,0.1,0.7333333333333333,0.788235294117647,0.25,0.5294117647058824,0.0,0.0,1.0,0.0,1.0,0.5807291666666666
0.5294117647058824,0.4596191395695686,0.8581875522536537,0.23830725968582278,0.925,0.0016393998665867695,0.18229166666666666,0.0,0.06666666666666667,0.7333333333333333,0.9999999999999999,0.225,0.5294117647058824,0.0,0.0,1.0,0.0,1.0,0.18229166666666666
0.5294117647058824,0.31551757678812026,0.5142394513763215,0.11967061415042275,0.925,0.0016393998665867695,0.3958333333333333,0.0,0.3333333333333333,0.7333333333333333,0.788235294117647,0.125,0.5294117647058824,1.0,0.0,0.0,0.0,1.0,0.3958333333333333
0.5294117647058824,0.5460800772384377,0.9999999999999999,0.22113401720112164,0.925,9.691033694108983e-06,0.1796875,0.0,0.8666666666666667,0.7333333333333333,0.788235294117647,0.25,0.5294117647058824,0.0,0.0,1.0,0.0,1.0,0.1796875
0.5294117647058824,0.47763183491724964,0.6994422749256543,0.008047808714797907,0.925,0.009724952312038364,0.18489583333333331,0.0,0.36666666666666664,0.7333333333333333,0.5529411764705883,0.025,0.5294117647058824,0.0,0.0,1.0,0.0,1.0,0.18489583333333331
0.5294117647058824,0.27588964702322194,0.4560328496893884,0.1343043568160361,0.925,0.00017443860649396167,0.39322916666666663,0.0,0.36666666666666664,0.7333333333333333,0.788235294117647,0.15000000000000002,0.5294117647058824,1.0,0.0,0.0,0.0,1.0,0.39322916666666663
0.5294117647058824,0.3551455065530185,0.5724460530632547,0.10791187003089399,0.925,0.00017443860649396167,0.3880208333333333,0.0,0.13333333333333333,0.7333333333333333,0.788235294117647,0.15000000000000002,0.5294117647058824,1.0,0.0,0.0,0.0,1.0,0.3880208333333333
0.5294117647058824,0.19303124842388916,0.4031177572467219,0.32971389298842235,0.675,1.4536550541163476e-05,0.5859375,0.0,0.1,0.7333333333333333,0.12941176470588234,0.225,0.5294117647058824,0.0,0.0,1.0,0.0,1.0,0.5859375
0.7647058823529411,0.1281855451722374,0.2972875723613889,0.403024665826252,0.825,0.0003036523890820815,0.25260416666666663,0.0,0.06666666666666667,0.2,0.3411764705882353,0.275,0.7647058823529411,0.0,0.0,1.0,0.0,1.0,0.25260416666666663
0.7647058823529411,0.09936523261594772,0.20204040596458922,0.3140827087497425,0.875,0.005212160955148281,0.6875,0.0,0.06666666666666667,0.2,0.3411764705882353,0.375,0.7647058823529411,0.0,0.0,1.0,0.0,1.0,0.6875
0.7647058823529411,0.10657031075502013,0.20204040596458922,0.2617300238051138,0.8500000000000001,0.0006428385683758958,0.6953125,0.0,0.5666666666666667,0.7333333333333333,0.3411764705882353,0.375,0.7647058823529411,0.0,0.0,1.0,0.0,1.0,0.6953125
0.7647058823529411,0.09936523261594772,0.19145738747605592,0.2748247423501597,0.925,0.0016393998665867695,0.6848958333333333,0.0,0.06666666666666667,0.2,0.9999999999999999,0.35000000000000003,0.7647058823529411,0.0,0.0,1.0,0.0,1.0,0.6848958333333333
0.7647058823529411,0.20750625040528564,0.33417574160502056,0.6044529177945696,0.7,6.460689129405989e-06,0.6328125,0.0,0.06666666666666667,0.7333333333333333,0.788235294117647,0.225,0.7647058823529411,0.0,0.0,1.0,0.0,1.0,0.6328125
0.7647058823529411,0.17868593784899597,0.3280439406927643,0.6044529177945696,0.725,3.2303445647029945e-05,0.6302083333333333,0.0,0.06666666666666667,0.26666666666666666,0.788235294117647,0.225,0.7647058823529411,0.0,0.0,1.0,0.0,1.0,0.6302083333333333
0.7647058823529411,0.04178945320662003,0.08572244975711972,0.32966442589755124,0.575,3.068827336467845e-05,0.19270833333333331,0.0,0.5666666666666667,0.7333333333333333,0.788235294117647,0.225,0.7647058823529411,0.0,0.0,1.0,0.0,1.0,0.19270833333333331
0.7647058823529411,0.07054492005965804,0.20204040596458922,0.5234934483084807,0.875,0.0003262648010350024,0.7005208333333333,0.0,0.06666666666666667,0.7333333333333333,0.3411764705882353,0.375,0.7647058823529411,0.0,0.0,1.0,0.0,1.0,0.7005208333333333
0.7647058823529411,0.07054492005965804,0.21262342445312252,0.5496578870223686,0.875,0.00014859584997633772,0.6979166666666666,0.0,0.13333333333333333,0.26666666666666666,0.3411764705882353,0.375,0.7647058823529411,0.0,0.0,1.0,0.0,1.0,0.6979166666666666
0.7647058823529411,0.05613476378151321,0.19145738747605592,0.6046545141181433,0.825,0.002048038454021698,0.6927083333333333,0.0,0.7666666666666666,0.9333333333333333,0.3411764705882353,0.275,0.7647058823529411,0.0,0.0,1.0,0.0,1.0,0.6927083333333333
0.7647058823529411,0.07774999819873046,0.19145738747605592,0.43973962828909563,0.825,0.002048038454021698,0.6901041666666666,0.0,0.3333333333333333,0.9333333333333333,0.3411764705882353,0.275,0.7647058823529411,0.0,0.0,1.0,0.0,1.0,0.6901041666666666
0.7647058823529411,0.04172460750336838,0.1385422950333894,0.5864284304306295,0.825,0.00019059032931747667,0.6744791666666666,0.6666666666666666,0.6666666666666666,0.7333333333333333,0.9999999999999999,0.8250000000000001,0.7647058823529411,0.0,0.0,1.0,0.0,1.0,0.6744791666666666
0.47058823529411764,0.16424696125829485,0.291824618217608,0.6044529177945696,0.8,0.000552388920564212,0.33072916666666663,0.0,0.7333333333333333,0.7333333333333333,0.788235294117647,0.25,0.47058823529411764,0.0,0.0,1.0,0.0,1.0,0.33072916666666663
0.47058823529411764,0.12461903149339655,0.2655956651956271,0.6044529177945696,0.7,0.00027619446028210605,0.328125,0.0,0.06666666666666667,0.8,0.9999999999999999,0.35000000000000003,0.47058823529411764,0.0,0.0,1.0,0.0,1.0,0.328125
0.47058823529411764,0.10151955097953037,0.22325935803409847,0.3682201886798839,0.75,0.0007575158004228521,0.3255208333333333,0.0,0.8666666666666667,0.8,0.788235294117647,0.25,0.47058823529411764,0.0,0.0,1.0,0.0,1.0,0.3255208333333333
0.47058823529411764,0.12101649242386033,0.2613815072334931,0.6044529177945696,0.725,7.268275270581736e-05,0.5390625,0.0,0.5333333333333333,0.7333333333333333,0.788235294117647,0.225,0.47058823529411764,0.0,0.0,1.0,0.0,1.0,0.5390625
0.47058823529411764,0.13545546901456146,0.21267633954556517,0.09968790781189737,0.7,8.398895868227785e-05,0.4895833333333333,0.0,0.8666666666666667,0.8,0.9999999999999999,0.35000000000000003,0.47058823529411764,0.0,0.0,1.0,0.0,1.0,0.4895833333333333
0.47058823529411764,0.06337586731128099,0.1385952101258321,0.3663830234648826,0.725,9.044964781168384e-05,0.17708333333333331,0.0,0.06666666666666667,0.7333333333333333,0.9999999999999999,0.2,0.47058823529411764,1.0,0.0,0.0,0.0,1.0,0.17708333333333331
0.47058823529411764,0.09940125800664308,0.22325935803409847,0.3822698325807428,0.75,0.00723920216949941,0.5598958333333333,0.0,0.36666666666666664,0.8,0.788235294117647,0.25,0.47058823529411764,0.0,0.0,1.0,0.0,1.0,0.5598958333333333
0.47058823529411764,0.08643211735631272,0.21267633954556517,0.43961966291803634,0.725,0.000822122691716912,0.0026041666666666665,0.0,0.26666666666666666,0.8,0.9999999999999999,0.325,0.47058823529411764,0.0,0.0,1.0,0.0,1.0,0.0026041666666666665
0.47058823529411764,0.06337586731128099,0.17034426559143198,0.4884946819699783,0.75,0.002472828764280142,0.5364583333333333,0.0,0.1,0.7333333333333333,0.12941176470588234,0.225,0.47058823529411764,0.0,0.0,1.0,0.0,1.0,0.5364583333333333
0.47058823529411764,0.05763342003444028,0.22325935803409847,0.6592963129286957,0.825,0.0004554785836231222,0.40885416666666663,0.0,0.03333333333333333,0.26666666666666666,0.788235294117647,0.25,0.47058823529411764,0.0,0.0,1.0,0.0,1.0,0.40885416666666663
0.47058823529411764,0.08859364079803445,0.18096114973912858,0.6044529177945696,0.925,0.0016393998665867695,0.40625,0.0,0.06666666666666667,0.8,0.788235294117647,0.25,0.47058823529411764,1.0,0.0,0.0,0.0,1.0,0.40625
0.47058823529411764,0.12101649242386033,0.2613815072334931,0.6044529177945696,0.75,0.0009658730248461952,0.5338541666666666,0.0,0.1,0.7333333333333333,0.9999999999999999,0.225,0.47058823529411764,0.0,0.0,1.0,0.0,1.0,0.5338541666666666
0.47058823529411764,0.12822157056293276,0.2655956651956271,0.6044529177945696,0.75,0.0001631324005175012,0.625,0.0,0.06666666666666667,0.7333333333333333,0.9999999999999999,0.9500000000000001,0.47058823529411764,0.0,0.0,1.0,0.0,1.0,0.625
0.47058823529411764,0.1354266487020052,0.23279889089966238,0.6044529177945696,0.525,4.3609651623490425e-05,0.17447916666666666,0.0,0.13333333333333333,0.26666666666666666,0.9999999999999999,0.275,0.47058823529411764,0.0,0.0,1.0,0.0,1.0,0.17447916666666666
0.47058823529411764,0.1354266487020052,0.23279889089966238,0.6044529177945696,0.8500000000000001,0.0001098317151999018,0.484375,0.0,0.06666666666666667,0.26666666666666666,0.9999999999999999,0.35000000000000003,0.47058823529411764,0.0,0.0,1.0,0.0,1.0,0.484375
0.47058823529411764,0.07778602358942582,0.20583335979087955,0.6044529177945696,0.825,4.845516847054492e-06,0.12239583333333333,0.0,0.06666666666666667,0.26666666666666666,0.788235294117647,0.35000000000000003,0.47058823529411764,1.0,0.0,0.0,0.0,1.0,0.12239583333333333
0.47058823529411764,0.09940125800664308,0.190439301097459,0.6044529177945696,0.725,6.460689129405988e-05,0.0859375,0.0,0.06666666666666667,0.26666666666666666,0.12941176470588234,0.225,0.47058823529411764,1.0,0.0,0.0,0.0,1.0,0.0859375
0.47058823529411764,0.1102088752152517,0.26240171021578773,0.6044529177945696,0.7749999999999999,0.00019705101844688265,0.08854166666666666,0.0,0.36666666666666664,0.8,0.12941176470588234,0.2,0.47058823529411764,1.0,0.0,0.0,0.0,1.0,0.08854166666666666
0.47058823529411764,0.1102088752152517,0.2581875522536538,0.6044529177945696,0.925,0.0016393998665867695,0.4427083333333333,0.0,0.8666666666666667,0.8,0.3411764705882353,0.2,0.47058823529411764,1.0,0.0,0.0,0.0,1.0,0.4427083333333333
0.47058823529411764,0.06337586731128099,0.15446973785863202,0.43299106515901103,0.7,0.00023096963637626408,0.1640625,0.0,0.06666666666666667,0.8,0.12941176470588234,0.2,0.47058823529411764,0.0,0.0,1.0,0.0,1.0,0.1640625
0.47058823529411764,0.09219617986757066,0.1830587040035559,0.6044529177945696,0.7,4.845516847054492e-06,0.171875,0.0,0.1,0.8,0.9999999999999999,1.0,0.47058823529411764,1.0,0.0,0.0,0.0,1.0,0.171875
0.47058823529411764,0.08859364079803445,0.18096114973912858,0.6044529177945696,0.8500000000000001,1.615172282351497e-05,0.48697916666666663,0.0,0.8666666666666667,0.8,0.788235294117647,0.25,0.47058823529411764,1.0,0.0,0.0,0.0,1.0,0.48697916666666663
0.47058823529411764,0.08859364079803445,0.18096114973912858,0.6044529177945696,0.925,3.2303445647029947e-06,0.44010416666666663,0.0,0.1,0.8,0.788235294117647,0.25,0.47058823529411764,1.0,0.0,0.0,0.0,1.0,0.44010416666666663
0.47058823529411764,0.07060256068477062,0.21267633954556517,0.5493830470795674,0.725,0.008368207594863106,0.0,0.0,0.06666666666666667,0.7333333333333333,0.9999999999999999,0.375,0.47058823529411764,0.0,0.0,1.0,0.0,1.0,0.0
0.29411764705882354,0.0007205078139072424,0.03809886655871988,0.8392661075083859,0.75,0.002579430134915341,0.6640625,0.6666666666666666,0.36666666666666664,0.7333333333333333,0.3411764705882353,0.375,0.29411764705882354,0.0,0.0,1.0,0.0,1.0,0.6640625
0.29411764705882354,0.004323046883443451,0.03280735731445322,0.7033923123074671,0.8,0.05645350161274953,0.6588541666666666,0.6666666666666666,0.06666666666666667,0.7333333333333333,0.3411764705882353,0.375,0.29411764705882354,0.0,0.0,1.0,0.0,1.0,0.6588541666666666
0.29411764705882354,0.015130664092052078,0.04339037580298652,0.49454631447219755,0.75,0.046718858267017056,0.7109375,0.0,0.06666666666666667,0.7333333333333333,0.9999999999999999,0.25,0.29411764705882354,0.0,0.0,1.0,0.0,1.0,0.7109375
0.29411764705882354,0.005764062511257936,0.04339037580298652,0.7326772884472252,0.7749999999999999,0.0009044964781168384,0.6692708333333333,0.6666666666666666,0.06666666666666667,0.7333333333333333,0.9999999999999999,0.4,0.29411764705882354,0.0,0.0,1.0,0.0,1.0,0.6692708333333333
0.29411764705882354,0.00360253906953621,0.022224338825919926,0.6319822453880238,0.8,0.1777755524292999,0.6276041666666666,0.6666666666666666,0.6666666666666666,0.7333333333333333,0.5529411764705883,0.35000000000000003,0.29411764705882354,0.0,0.0,1.0,0.0,1.0,0.6276041666666666
0.29411764705882354,0.0,0.016932829581653278,0.7222959988118446,0.8,0.10169609241369731,0.6380208333333333,0.8333333333333333,0.1,0.7333333333333333,0.9999999999999999,0.35000000000000003,0.29411764705882354,0.0,0.0,1.0,0.0,1.0,0.6380208333333333
0.29411764705882354,0.023776757858938985,0.05397339429151983,0.39248083559254915,0.8,0.010311259850531957,0.7161458333333333,0.0,0.36666666666666664,0.7333333333333333,0.9999999999999999,0.25,0.29411764705882354,0.0,0.0,1.0,0.0,1.0,0.7161458333333333
0.29411764705882354,0.01657167971986656,0.04339037580298652,0.4579107800314069,0.8,0.0028814673517150707,0.6666666666666666,0.6666666666666666,0.36666666666666664,0.7333333333333333,0.9999999999999999,0.375,0.29411764705882354,0.0,0.0,1.0,0.0,1.0,0.6666666666666666
0.29411764705882354,0.005764062511257936,0.022224338825919926,0.5495454220762432,0.725,0.005638566437689076,0.71875,0.6666666666666666,0.6666666666666666,0.7333333333333333,0.9999999999999999,0.325,0.29411764705882354,0.0,0.0,1.0,0.0,1.0,0.71875
0.29411764705882354,0.005764062511257936,0.03280735731445322,0.6594282052446097,0.7749999999999999,0.0011564633541636718,0.6614583333333333,0.6666666666666666,0.1,0.7333333333333333,0.3411764705882353,0.4,0.29411764705882354,0.0,0.0,1.0,0.0,1.0,0.6614583333333333
0.29411764705882354,0.01152812502251587,0.022224338825919926,0.32971389298842235,0.7749999999999999,0.012251081761636105,0.7083333333333333,0.8333333333333333,0.06666666666666667,0.7333333333333333,0.3411764705882353,0.375,0.29411764705882354,0.0,0.0,1.0,0.0,1.0,0.7083333333333333
0.29411764705882354,0.015130664092052078,0.05397339429151983,0.580887669117627,0.725,0.000555619265128915,0.6223958333333333,0.8333333333333333,0.1,0.7333333333333333,0.9999999999999999,0.375,0.29411764705882354,0.0,0.0,1.0,0.0,1.0,0.6223958333333333
0.29411764705882354,0.020174218789402773,0.05397339429151983,0.47098368289466486,0.7749999999999999,0.001069244050916691,0.7135416666666666,0.0,0.1,0.7333333333333333,0.9999999999999999,0.275,0.29411764705882354,0.0,0.0,1.0,0.0,1.0,0.7135416666666666
0.29411764705882354,0.010807617208608627,0.04339037580298652,0.6044529177945696,0.575,0.0003569530743996809,0.6197916666666666,0.8333333333333333,0.36666666666666664,0.7333333333333333,0.9999999999999999,0.4,0.29411764705882354,0.0,0.0,1.0,0.0,1.0,0.6197916666666666
0.29411764705882354,0.03458437506754761,0.05397339429151983,0.15697229379609015,0.8,1.9382067388217963e-05,0.4973958333333333,0.0,0.06666666666666667,0.7333333333333333,0.9999999999999999,0.25,0.29411764705882354,0.0,0.0,1.0,0.0,1.0,0.4973958333333333
0.29411764705882354,0.03458437506754761,0.05397339429151983,0.15697229379609015,0.8,1.9382067388217963e-05,0.49479166666666663,0.0,0.36666666666666664,0.7333333333333333,0.9999999999999999,0.25,0.29411764705882354,0.0,0.0,1.0,0.0,1.0,0.49479166666666663
0.29411764705882354,0.020174218789402773,0.04339037580298652,0.3663219438195419,0.8,0.06922466884930281,0.1484375,0.6666666666666666,0.36666666666666664,0.7333333333333333,0.9999999999999999,0.375,0.29411764705882354,0.0,0.0,1.0,0.0,1.0,0.1484375
0.29411764705882354,0.020174218789402773,0.04339037580298652,0.3663219438195419,0.8,0.06922466884930281,0.15104166666666666,0.6666666666666666,0.06666666666666667,0.7333333333333333,0.9999999999999999,0.375,0.29411764705882354,0.0,0.0,1.0,0.0,1.0,0.15104166666666666
0.29411764705882354,0.009366601580794146,0.022224338825919926,0.41215071630020295,0.65,0.0001114468874822533,0.6354166666666666,0.8333333333333333,0.06666666666666667,0.5333333333333333,0.9999999999999999,0.35000000000000003,0.29411764705882354,0.0,0.0,1.0,0.0,1.0,0.6354166666666666
0.5882352941176471,0.0,0.027515848070186574,0.8059931440578172,0.925,0.0016393998665867695,0.3411458333333333,0.8333333333333333,0.1,0.7333333333333333,0.9999999999999999,0.375,0.5882352941176471,0.0,0.0,1.0,0.0,1.0,0.3411458333333333
0.5882352941176471,0.004323046883443451,0.04339037580298652,0.769312822888016,0.8,0.0077722090226754045,0.3567708333333333,0.8333333333333333,0.36666666666666664,0.7333333333333333,0.12941176470588234,0.025,0.5882352941176471,0.0,0.0,1.0,0.0,1.0,0.3567708333333333
0.5882352941176471,0.0007205078139072424,0.03809886655871988,0.8392661075083859,0.7,0.005065180277454295,0.33854166666666663,0.8333333333333333,0.06666666666666667,0.7333333333333333,0.12941176470588234,0.025,0.5882352941176471,0.0,0.0,1.0,0.0,1.0,0.33854166666666663
0.5882352941176471,0.01152812502251587,0.07513943126858642,0.7570589103845179,0.75,0.0032190383587265337,0.34375,0.0,0.06666666666666667,0.7333333333333333,0.12941176470588234,0.275,0.5882352941176471,0.0,0.0,1.0,0.0,1.0,0.34375
0.5882352941176471,0.005764062511257936,0.04339037580298652,0.7326772884472252,0.75,0.001901057776327712,0.07291666666666666,0.8333333333333333,0.36666666666666664,0.7333333333333333,0.3411764705882353,0.4,0.5882352941176471,0.0,0.0,1.0,0.0,1.0,0.07291666666666666
0.5882352941176471,0.01657167971986656,0.07513943126858642,0.6715807462441906,0.675,0.0007655916618346096,0.34635416666666663,0.0,0.06666666666666667,0.26666666666666666,0.12941176470588234,0.25,0.5882352941176471,0.0,0.0,1.0,0.0,1.0,0.34635416666666663
0.5882352941176471,0.005764062511257936,0.05397339429151983,0.7849950719932397,0.7,0.0014956495334574862,0.35416666666666663,0.8333333333333333,0.1,0.7333333333333333,0.9999999999999999,0.4,0.5882352941176471,0.0,0.0,1.0,0.0,1.0,0.35416666666666663
0.5882352941176471,0.008646093766886903,0.03809886655871988,0.6194495696002638,1.0,3.2303445647029947e-06,0.24479166666666666,0.8333333333333333,0.16666666666666666,0.7333333333333333,0.12941176470588234,0.4,0.5882352941176471,0.0,0.0,1.0,0.0,1.0,0.24479166666666666
0.5882352941176471,0.01152812502251587,0.05397339429151983,0.6593905163098545,0.825,9.691033694108983e-06,0.3489583333333333,0.0,0.16666666666666666,0.7333333333333333,0.12941176470588234,0.25,0.5882352941176471,0.0,0.0,1.0,0.0,1.0,0.3489583333333333
0.5882352941176471,0.007205078139072419,0.04339037580298652,0.6960417540064345,0.625,1.4536550541163476e-05,0.36197916666666663,0.8333333333333333,0.06666666666666667,0.7333333333333333,0.12941176470588234,0.35000000000000003,0.5882352941176471,0.0,0.0,1.0,0.0,1.0,0.36197916666666663
0.5882352941176471,0.005764062511257936,0.04339037580298652,0.7326772884472252,0.625,4.6839996188193416e-05,0.3671875,0.6666666666666666,0.06666666666666667,0.7333333333333333,0.12941176470588234,0.325,0.5882352941176471,0.0,0.0,1.0,0.0,1.0,0.3671875
0.5882352941176471,0.004323046883443451,0.01164132033738663,0.43966630829750974,0.7,0.0010401709498343641,0.3359375,0.8333333333333333,0.06666666666666667,0.7333333333333333,0.9999999999999999,0.17500000000000002,0.5882352941176471,0.0,0.0,1.0,0.0,1.0,0.3359375
0.5882352941176471,0.0021615234417217254,0.05397339429151983,0.8634979191854671,0.925,0.0016393998665867695,0.6171875,0.8333333333333333,0.36666666666666664,0.7333333333333333,0.9999999999999999,0.4,0.5882352941176471,0.0,0.0,1.0,0.0,1.0,0.6171875
0.5882352941176471,0.04178945320662003,0.11956905948714691,0.6044529177945696,0.925,0.0016393998665867695,0.3333333333333333,0.8333333333333333,0.5666666666666667,0.7333333333333333,0.9999999999999999,0.4,0.5882352941176471,0.0,0.0,1.0,0.0,1.0,0.3333333333333333
0.5882352941176471,0.01152812502251587,0.05397339429151983,0.6593905163098545,0.925,0.0016393998665867695,0.3515625,0.0,0.06666666666666667,0.7333333333333333,0.12941176470588234,0.25,0.5882352941176471,0.0,0.0,1.0,0.0,1.0,0.3515625
0.058823529411764705,0.0007205078139072424,0.03280735731445322,0.8133025799646109,0.8,0.09738035207525411,0.8229166666666666,0.8333333333333333,0.36666666666666664,0.7333333333333333,0.9999999999999999,0.35000000000000003,0.058823529411764705,0.0,0.0,1.0,0.0,1.0,0.8229166666666666
0.058823529411764705,0.002882031255628968,0.04339037580298652,0.8059483573288065,0.8,0.040552130492999036,0.8255208333333333,0.0,0.36666666666666664,0.7333333333333333,0.9999999999999999,0.25,0.058823529411764705,0.0,0.0,1.0,0.0,1.0,0.8255208333333333
0.058823529411764705,0.004323046883443451,0.04339037580298652,0.769312822888016,0.8,0.0007300578716228766,0.8151041666666666,0.8333333333333333,0.06666666666666667,0.7333333333333333,0.9999999999999999,0.47500000000000003,0.058823529411764705,0.0,0.0,1.0,0.0,1.0,0.8151041666666666
0.058823529411764705,0.0021615234417217254,0.03598226286101321,0.7879935578189483,0.8,0.013846871976599385,0.8177083333333333,0.8333333333333333,0.7666666666666666,0.7333333333333333,0.9999999999999999,0.4,0.058823529411764705,0.0,0.0,1.0,0.0,1.0,0.8177083333333333
0.058823529411764705,0.009366601580794146,0.04339037580298652,0.6410884523452486,0.825,0.012543427944741727,0.8203125,0.8333333333333333,0.36666666666666664,0.7333333333333333,0.9999999999999999,0.375,0.058823529411764705,0.0,0.0,1.0,0.0,1.0,0.8203125
0.058823529411764705,0.004323046883443451,0.020107735128213268,0.5784782371392472,0.8,0.012924608603376679,0.21875,0.8333333333333333,0.6666666666666666,0.7333333333333333,0.9999999999999999,0.35000000000000003,0.058823529411764705,0.0,0.0,1.0,0.0,1.0,0.21875
0.058823529411764705,0.007925585952979661,0.022224338825919926,0.4671085986545743,0.7749999999999999,0.003995936226537604,0.5546875,0.0,0.06666666666666667,0.7333333333333333,0.9999999999999999,0.25,0.058823529411764705,0.0,0.0,1.0,0.0,1.0,0.5546875
0.058823529411764705,0.005764062511257936,0.04339037580298652,0.7326772884472252,0.725,0.0017734591660219438,0.4817708333333333,0.6666666666666666,0.06666666666666667,0.8666666666666667,0.9999999999999999,0.25,0.058823529411764705,0.0,0.0,1.0,0.0,1.0,0.4817708333333333
0.058823529411764705,0.0021615234417217254,0.020107735128213268,0.6652549827983889,0.8,0.0029121556250797493,0.21614583333333331,0.8333333333333333,0.3333333333333333,0.7333333333333333,0.9999999999999999,0.35000000000000003,0.058823529411764705,0.0,0.0,1.0,0.0,1.0,0.21614583333333331
0.8823529411764706,0.01152812502251587,0.05926490353578648,0.6886916858071558,0.8500000000000001,0.020420623165769976,0.140625,0.6666666666666666,0.06666666666666667,0.7333333333333333,0.9999999999999999,0.4,0.8823529411764706,0.0,0.0,1.0,0.0,1.0,0.140625
0.8823529411764706,0.021615234417217258,0.08043094051285307,0.613092100636858,0.8,0.012641953453965168,0.14583333333333331,0.0,0.2,0.7333333333333333,0.9999999999999999,0.025,0.8823529411764706,0.0,0.0,1.0,0.0,1.0,0.14583333333333331
0.8823529411764706,0.021615234417217258,0.08572244975711972,0.6373823973869686,0.8,0.0008721930324698084,0.1328125,0.0,0.43333333333333335,0.7333333333333333,0.9999999999999999,0.275,0.8823529411764706,0.0,0.0,1.0,0.0,1.0,0.1328125
0.8823529411764706,0.005764062511257936,0.03280735731445322,0.6594282052446097,0.75,0.0068467153048879965,0.23958333333333331,0.6666666666666666,0.1,0.7333333333333333,0.12941176470588234,0.6000000000000001,0.8823529411764706,0.0,0.0,1.0,0.0,1.0,0.23958333333333331
0.8823529411764706,0.021615234417217258,0.08043094051285307,0.613092100636858,0.8,0.012641953453965168,0.14322916666666666,0.0,0.3333333333333333,0.7333333333333333,0.9999999999999999,0.025,0.8823529411764706,0.0,0.0,1.0,0.0,1.0,0.14322916666666666
0.8823529411764706,0.005764062511257936,0.03280735731445322,0.6594282052446097,0.75,0.0068467153048879965,0.23697916666666666,0.6666666666666666,0.6,0.7333333333333333,0.12941176470588234,0.6000000000000001,0.8823529411764706,0.0,0.0,1.0,0.0,1.0,0.23697916666666666
0.8823529411764706,0.01657167971986656,0.04339037580298652,0.4579107800314069,0.925,0.0016393998665867695,0.9244791666666666,0.0,0.36666666666666664,0.7333333333333333,0.9999999999999999,0.25,0.8823529411764706,0.0,0.0,1.0,0.0,1.0,0.9244791666666666
0.8823529411764706,0.025217773486753463,0.05926490353578648,0.4102709060788774,0.7749999999999999,3.068827336467845e-05,0.5052083333333333,0.0,0.13333333333333333,0.26666666666666666,0.3411764705882353,0.25,0.8823529411764706,0.0,0.0,1.0,0.0,1.0,0.5052083333333333
0.8823529411764706,0.020174218789402773,0.08572244975711972,0.6593622524933556,0.725,0.001091856462869612,0.13020833333333331,0.6666666666666666,0.1,0.7333333333333333,0.9999999999999999,0.5,0.8823529411764706,0.0,0.0,1.0,0.0,1.0,0.13020833333333331
0.8823529411764706,0.020174218789402773,0.04868188504725317,0.42267888426644695,0.6,7.106758042346587e-05,0.018229166666666664,0.6666666666666666,0.6666666666666666,0.7333333333333333,0.9999999999999999,0.325,0.8823529411764706,0.0,0.0,1.0,0.0,1.0,0.018229166666666664
0.8823529411764706,0.027314451225223538,0.05397339429151983,0.3153910396671441,0.7749999999999999,0.0031705831902559887,0.12760416666666666,0.8333333333333333,0.4,0.7333333333333333,0.3411764705882353,0.025,0.8823529411764706,0.0,0.0,1.0,0.0,1.0,0.12760416666666666
0.8823529411764706,0.0021615234417217254,0.027515848070186574,0.7327180035954777,0.7,0.0021594853415039515,0.53125,0.6666666666666666,0.1,0.7333333333333333,0.788235294117647,0.4,0.8823529411764706,0.0,0.0,1.0,0.0,1.0,0.53125
0.8823529411764706,0.027314451225223538,0.05397339429151983,0.3153910396671441,1.0,3.2303445647029947e-06,0.46875,0.8333333333333333,0.1,0.6666666666666666,0.3411764705882353,0.05,0.8823529411764706,0.0,0.0,1.0,0.0,1.0,0.46875
0.8823529411764706,0.020174218789402773,0.06455641278005313,0.5494767160739933,0.725,0.004640389967195851,0.13541666666666666,0.8333333333333333,0.06666666666666667,0.7333333333333333,0.9999999999999999,0.025,0.8823529411764706,0.0,0.0,1.0,0.0,1.0,0.13541666666666666
0.8823529411764706,0.020174218789402773,0.05926490353578648,0.5128469828555763,0.7749999999999999,0.0001582868836704467,0.5885416666666666,0.0,0.06666666666666667,0.7333333333333333,0.9999999999999999,0.2,0.8823529411764706,0.0,0.0,1.0,0.0,1.0,0.5885416666666666
0.8823529411764706,0.020174218789402773,0.06455641278005313,0.5494767160739933,0.725,0.004640389967195851,0.13802083333333331,0.8333333333333333,0.7,0.7333333333333333,0.9999999999999999,0.025,0.8823529411764706,0.0,0.0,1.0,0.0,1.0,0.13802083333333331
0.8823529411764706,0.009366601580794146,0.027515848070186574,0.48846753549756744,0.625,0.0016361695220220665,0.5286458333333333,0.6666666666666666,0.23333333333333334,0.7333333333333333,0.868235294117647,0.35000000000000003,0.8823529411764706,0.0,0.0,1.0,0.0,1.0,0.5286458333333333
0.8823529411764706,0.012969140650330354,0.03809886655871988,0.49954963987215656,0.7,6.460689129405989e-06,0.4583333333333333,0.8333333333333333,0.26666666666666666,0.7333333333333333,0.3411764705882353,0.025,0.8823529411764706,0.0,0.0,1.0,0.0,1.0,0.4583333333333333
0.8823529411764706,0.023776757858938985,0.05926490353578648,0.43957835657080735,0.525,1.4536550541163476e-05,0.5078125,0.0,0.06666666666666667,0.7333333333333333,0.3411764705882353,0.25,0.8823529411764706,0.0,0.0,1.0,0.0,1.0,0.5078125
0.8823529411764706,0.013473496120065423,0.03280735731445322,0.4242202324143666,0.75,0.002212786026821551,0.4609375,0.6666666666666666,0.06666666666666667,0.7333333333333333,0.9999999999999999,0.275,0.8823529411764706,0.0,0.0,1.0,0.0,1.0,0.4609375
0.8823529411764706,0.0021615234417217254,0.01481622588394662,0.5995389366256682,0.7,0.0016393998665867695,0.4739583333333333,0.8333333333333333,0.06666666666666667,0.7333333333333333,0.3411764705882353,0.025,0.8823529411764706,0.0,0.0,1.0,0.0,1.0,0.4739583333333333
0.8823529411764706,0.015130664092052078,0.03280735731445322,0.37366150933603576,0.7,0.0016393998665867695,0.9661458333333333,0.8333333333333333,0.8333333333333334,0.7333333333333333,0.3411764705882353,0.025,0.8823529411764706,0.0,0.0,1.0,0.0,1.0,0.9661458333333333
0.8823529411764706,0.009366601580794146,0.01481622588394662,0.2664431936923538,0.7,0.0016393998665867695,0.4765625,0.8333333333333333,0.1,0.7333333333333333,0.3411764705882353,0.025,0.8823529411764706,0.0,0.0,1.0,0.0,1.0,0.4765625
0.8823529411764706,0.027314451225223538,0.05397339429151983,0.3153910396671441,0.7749999999999999,0.0031705831902559887,0.078125,0.8333333333333333,0.8,0.7333333333333333,0.12941176470588234,0.025,0.8823529411764706,0.0,0.0,1.0,0.0,1.0,0.078125
0.8823529411764706,0.012969140650330354,0.03809886655871988,0.49954963987215656,0.7,0.0016393998665867695,0.45572916666666663,0.8333333333333333,0.06666666666666667,0.7333333333333333,0.3411764705882353,0.025,0.8823529411764706,0.0,0.0,1.0,0.0,1.0,0.45572916666666663
0.8823529411764706,0.020174218789402773,0.03809886655871988,0.299716423622015,0.7749999999999999,2.4227584235272455e-05,0.47916666666666663,0.6666666666666666,0.06666666666666667,0.7333333333333333,0.9999999999999999,0.025,0.8823529411764706,0.0,0.0,1.0,0.0,1.0,0.47916666666666663
0.8823529411764706,0.012969140650330354,0.03280735731445322,0.4396076699303221,0.75,0.002212786026821551,0.46354166666666663,0.6666666666666666,0.1,0.7333333333333333,0.9999999999999999,0.275,0.8823529411764706,0.0,0.0,1.0,0.0,1.0,0.46354166666666663
0.8823529411764706,0.027314451225223538,0.05397339429151983,0.3153910396671441,0.7749999999999999,0.0016393998665867695,0.4661458333333333,0.8333333333333333,0.4,0.7333333333333333,0.3411764705882353,0.025,0.8823529411764706,0.0,0.0,1.0,0.0,1.0,0.4661458333333333
0.8823529411764706,0.028755466853038023,0.05926490353578648,0.3383211151525077,0.7749999999999999,0.0016393998665867695,0.5911458333333333,0.0,0.06666666666666667,0.7333333333333333,0.5623529411764706,0.0,0.8823529411764706,0.0,0.0,1.0,0.0,1.0,0.5911458333333333
1.0,0.007205078139072419,0.03280735731445322,0.6154640981817522,0.725,0.00043771168851725577,0.9114583333333333,0.8333333333333333,0.3333333333333333,0.9333333333333333,0.9999999999999999,0.675,1.0,0.0,0.0,1.0,0.0,1.0,0.9114583333333333
1.0,0.01657167971986656,0.03809886655871988,0.3996330318020299,0.725,3.391861792938144e-05,0.5130208333333333,0.8333333333333333,0.06666666666666667,0.7333333333333333,0.9999999999999999,0.8500000000000001,1.0,0.0,0.0,1.0,0.0,1.0,0.5130208333333333
1.0,0.012969140650330354,0.06455641278005313,0.6868542453219991,0.625,3.391861792938144e-05,0.921875,0.6666666666666666,0.06666666666666667,0.7333333333333333,0.12941176470588234,0.9750000000000001,1.0,0.0,0.0,1.0,0.0,1.0,0.921875
1.0,0.008646093766886903,0.06455641278005313,0.7692807627609143,0.725,0.0021433336186804366,0.9192708333333333,0.0,0.8666666666666667,0.7333333333333333,0.9999999999999999,0.675,1.0,0.0,0.0,1.0,0.0,1.0,0.9192708333333333
1.0,0.005764062511257936,0.022224338825919926,0.5495454220762432,0.725,3.391861792938144e-05,0.875,0.8333333333333333,0.8,0.7333333333333333,0.788235294117647,0.35000000000000003,1.0,0.0,0.0,1.0,0.0,1.0,0.875
1.0,0.023776757858938985,0.05926490353578648,0.43957835657080735,0.675,3.2303445647029947e-06,0.9088541666666666,0.6666666666666666,0.06666666666666667,0.7333333333333333,0.9999999999999999,0.35000000000000003,1.0,0.0,0.0,1.0,0.0,1.0,0.9088541666666666
1.0,0.007205078139072419,0.03280735731445322,0.6154640981817522,0.725,3.391861792938144e-05,0.9036458333333333,0.8333333333333333,0.06666666666666667,0.7333333333333333,0.788235294117647,0.25,1.0,0.0,0.0,1.0,0.0,1.0,0.9036458333333333
1.0,0.012969140650330354,0.04339037580298652,0.5494996161333836,0.65,8.721930324698084e-05,0.8854166666666666,0.8333333333333333,0.06666666666666667,0.8,0.9999999999999999,0.05,1.0,0.0,0.0,1.0,0.0,1.0,0.8854166666666666
1.0,0.030981835998011402,0.05926490353578648,0.29304110422104607,0.725,3.391861792938144e-05,0.5625,0.8333333333333333,0.06666666666666667,0.7333333333333333,0.9999999999999999,0.375,1.0,0.0,0.0,1.0,0.0,1.0,0.5625
1.0,0.01657167971986656,0.022224338825919926,0.13736130496789892,0.725,0.0016393998665867695,0.9140625,0.8333333333333333,0.26666666666666666,0.7333333333333333,0.9999999999999999,0.30000000000000004,1.0,0.0,0.0,1.0,0.0,1.0,0.9140625
1.0,0.01152812502251587,0.03809886655871988,0.5395162830782295,0.725,3.391861792938144e-05,0.8723958333333333,0.8333333333333333,0.06666666666666667,0.6666666666666666,0.9999999999999999,0.35000000000000003,1.0,0.0,0.0,1.0,0.0,1.0,0.8723958333333333
1.0,0.004323046883443451,0.022224338825919926,0.6045033043207264,0.8,0.002942843898444428,0.8984375,0.8333333333333333,0.8,0.7333333333333333,0.9999999999999999,0.8500000000000001,1.0,0.0,0.0,1.0,0.0,1.0,0.8984375
1.0,0.01657167971986656,0.06455641278005313,0.6181654806979962,0.0,0.0,0.90625,0.0,0.06666666666666667,0.7333333333333333,0.9999999999999999,0.25,1.0,0.0,0.0,1.0,0.0,1.0,0.90625
1.0,0.0014410156278144848,0.027515848070186574,0.7571430504162575,0.75,0.0007559006281405007,0.9010416666666666,0.8333333333333333,0.7666666666666666,0.9333333333333333,0.9999999999999999,0.7000000000000001,1.0,0.0,0.0,1.0,0.0,1.0,0.9010416666666666
1.0,0.01657167971986656,0.04339037580298652,0.4579107800314069,0.725,0.0016393998665867695,0.515625,0.8333333333333333,0.8666666666666667,0.8,0.9999999999999999,0.8500000000000001,1.0,0.0,0.0,1.0,0.0,1.0,0.515625
1.0,0.013689648464237597,0.06455641278005313,0.6731164923971985,0.32499999999999996,3.2303445647029947e-06,0.16927083333333331,0.3333333333333333,0.8666666666666667,0.0,0.9999999999999999,0.025,1.0,0.0,0.0,1.0,0.0,1.0,0.16927083333333331
1.0,0.005029144541072549,0.0,0.0011239272204963205,0.575,4.845516847054492e-06,0.21354166666666666,0.6666666666666666,0.36666666666666664,0.7333333333333333,0.9999999999999999,0.525,1.0,0.0,0.0,1.0,0.0,1.0,0.21354166666666666
1.0,0.012608886743376733,0.024340942523626584,0.32709295562020274,0.525,1.4536550541163476e-05,0.4114583333333333,0.5,0.06666666666666667,0.26666666666666666,0.6047058823529412,0.5750000000000001,1.0,0.0,0.0,1.0,0.0,1.0,0.4114583333333333
1.0,0.01621142581291294,0.024340942523626584,0.19624241307084275,0.475,2.5842756517623954e-05,0.890625,0.0,0.06666666666666667,0.7333333333333333,0.12941176470588234,0.55,1.0,0.0,0.0,1.0,0.0,1.0,0.890625
1.0,0.0021615234417217254,0.01164132033738663,0.5495912354915062,0.525,3.714896249408444e-05,0.5234375,0.0,0.06666666666666667,0.6666666666666666,0.9999999999999999,0.5750000000000001,1.0,0.0,0.0,1.0,0.0,1.0,0.5234375
1.0,0.012969140650330354,0.04339037580298652,0.5494996161333836,0.75,0.0016393998665867695,0.16666666666666666,0.6666666666666666,0.8666666666666667,0.8,0.788235294117647,0.35000000000000003,1.0,0.0,0.0,1.0,0.0,1.0,0.16666666666666666
0.3529411764705882,0.009366601580794146,0.04339037580298652,0.6410884523452486,0.375,0.0016393998665867695,0.4296875,0.8333333333333333,0.06666666666666667,0.7333333333333333,0.9999999999999999,0.30000000000000004,0.3529411764705882,0.0,0.0,1.0,0.0,1.0,0.4296875
0.3529411764705882,0.008646093766886903,0.10688848673418633,0.8791461490752334,0.375,0.009724952312038364,0.15364583333333331,0.8333333333333333,0.06666666666666667,0.7333333333333333,0.9999999999999999,0.375,0.3529411764705882,0.0,0.0,1.0,0.0,1.0,0.15364583333333331
0.3529411764705882,0.019655453163389555,0.08572244975711972,0.6672750003624236,0.375,0.0016393998665867695,0.5026041666666666,0.8333333333333333,0.06666666666666667,0.7333333333333333,0.9999999999999999,0.375,0.3529411764705882,0.0,0.0,1.0,0.0,1.0,0.5026041666666666
0.3529411764705882,0.019655453163389555,0.08572244975711972,0.6672750003624236,0.375,0.0016393998665867695,0.5026041666666666,0.8333333333333333,0.26666666666666666,0.7333333333333333,0.9999999999999999,0.375,0.3529411764705882,0.0,0.0,1.0,0.0,1.0,0.5026041666666666
0.3529411764705882,0.007925585952979661,0.04339037580298652,0.6777239867860392,0.375,3.714896249408444e-05,0.4348958333333333,0.8333333333333333,0.1,0.7333333333333333,0.9999999999999999,0.325,0.3529411764705882,0.0,0.0,1.0,0.0,1.0,0.4348958333333333
0.3529411764705882,0.007925585952979661,0.04339037580298652,0.6777239867860392,0.375,0.0003230344564702994,0.4348958333333333,0.8333333333333333,0.06666666666666667,0.7333333333333333,0.9999999999999999,0.325,0.3529411764705882,0.0,0.0,1.0,0.0,1.0,0.4348958333333333
0.3529411764705882,0.03818691413708382,0.11747150522271962,0.5494502953038205,0.375,0.0016393998665867695,0.026041666666666664,0.0,0.06666666666666667,0.7333333333333333,0.9999999999999999,0.25,0.3529411764705882,0.0,0.0,1.0,0.0,1.0,0.026041666666666664
0.3529411764705882,0.024497265672846227,0.1703865976653861,0.8180692867652678,0.375,1.615172282351497e-05,0.3723958333333333,0.8333333333333333,0.06666666666666667,0.7333333333333333,0.9999999999999999,0.375,0.3529411764705882,0.0,0.0,1.0,0.0,1.0,0.3723958333333333
0.3529411764705882,0.015130664092052078,0.08572244975711972,0.7362917453657098,0.375,6.460689129405989e-06,0.5,0.8333333333333333,0.36666666666666664,0.7333333333333333,0.9999999999999999,0.35000000000000003,0.3529411764705882,0.0,0.0,1.0,0.0,1.0,0.5
0.3529411764705882,0.010807617208608627,0.03280735731445322,0.5055538305246083,0.375,5.168551303524791e-05,0.43229166666666663,0.8333333333333333,0.06666666666666667,0.7333333333333333,0.9999999999999999,0.25,0.3529411764705882,0.0,0.0,1.0,0.0,1.0,0.43229166666666663
0.3529411764705882,0.01152812502251587,0.06455641278005313,0.7143297511716002,0.8,6.460689129405989e-06,0.9635416666666666,0.8333333333333333,0.06666666666666667,0.6666666666666666,0.9999999999999999,0.025,0.3529411764705882,0.0,0.0,1.0,0.0,1.0,0.9635416666666666
0.3529411764705882,0.01621142581291294,0.08572244975711972,0.7198068540908638,0.7,0.00013244412715282276,0.96875,0.8333333333333333,0.06666666666666667,0.6666666666666666,0.9999999999999999,0.025,0.3529411764705882,0.0,0.0,1.0,0.0,1.0,0.96875
0.3529411764705882,0.01657167971986656,0.08572244975711972,0.714311890259323,0.95,4.845516847054492e-06,0.9270833333333333,0.8333333333333333,0.8666666666666667,0.6666666666666666,0.3411764705882353,0.025,0.3529411764705882,0.0,0.0,1.0,0.0,1.0,0.9270833333333333
0.3529411764705882,0.020174218789402773,0.08572244975711972,0.6593622524933556,0.525,1.130620597646048e-05,0.96875,0.6666666666666666,0.06666666666666667,0.7333333333333333,0.9999999999999999,0.025,0.3529411764705882,0.0,0.0,1.0,0.0,1.0,0.96875
0.3529411764705882,0.020174218789402773,0.08572244975711972,0.6593622524933556,0.675,0.0016393998665867695,0.9505208333333333,0.0,0.1,0.6666666666666666,0.9999999999999999,0.025,0.3529411764705882,0.0,0.0,1.0,0.0,1.0,0.9505208333333333
0.3529411764705882,0.017292187533773803,0.04339037580298652,0.43959301281101154,1.0,3.2303445647029947e-06,0.9296875,0.6666666666666666,0.06666666666666667,0.7333333333333333,0.9999999999999999,0.275,0.3529411764705882,0.0,0.0,1.0,0.0,1.0,0.9296875
0.3529411764705882,0.018733203161588288,0.08572244975711972,0.6813421075997425,0.675,0.0016393998665867695,0.9270833333333333,0.8333333333333333,0.06666666666666667,0.6666666666666666,0.12941176470588234,0.025,0.3529411764705882,0.0,0.0,1.0,0.0,1.0,0.9270833333333333
0.3529411764705882,0.01657167971986656,0.08572244975711972,0.714311890259323,0.675,0.0016393998665867695,0.9270833333333333,0.6666666666666666,0.6666666666666666,0.6666666666666666,0.3411764705882353,0.025,0.3529411764705882,0.0,0.0,1.0,0.0,1.0,0.9270833333333333
0.3529411764705882,0.01657167971986656,0.08572244975711972,0.714311890259323,0.675,0.0016393998665867695,0.9270833333333333,0.8333333333333333,0.1,0.6666666666666666,0.3411764705882353,0.025,0.3529411764705882,0.0,0.0,1.0,0.0,1.0,0.9270833333333333
0.3529411764705882,0.031702343811918644,0.08572244975711972,0.48352341164225987,0.375,0.0016393998665867695,0.9375,0.8333333333333333,0.9666666666666667,0.7333333333333333,0.9999999999999999,0.35000000000000003,0.3529411764705882,0.0,0.0,1.0,0.0,1.0,0.9375
0.3529411764705882,0.020174218789402773,0.08572244975711972,0.6593622524933556,0.675,3.2303445647029947e-06,0.9427083333333333,0.8333333333333333,0.6666666666666666,0.7333333333333333,0.9999999999999999,0.35000000000000003,0.3529411764705882,0.0,0.0,1.0,0.0,1.0,0.9427083333333333
0.3529411764705882,0.018012695347681046,0.10688848673418633,0.760090585109798,0.375,0.0016393998665867695,0.9713541666666666,0.8333333333333333,0.06666666666666667,0.7333333333333333,0.3411764705882353,0.375,0.3529411764705882,0.0,0.0,1.0,0.0,1.0,0.9713541666666666
0.3529411764705882,0.01945371097549553,0.10688848673418633,0.7417743444574663,0.375,0.0016393998665867695,0.9713541666666666,0.8333333333333333,0.3333333333333333,0.7333333333333333,0.9999999999999999,0.375,0.3529411764705882,0.0,0.0,1.0,0.0,1.0,0.9713541666666666
0.3529411764705882,0.00791838087484059,0.04339037580298652,0.6779071644043979,0.65,6.460689129405989e-06,0.9609375,0.8333333333333333,0.06666666666666667,0.6666666666666666,0.9999999999999999,0.025,0.3529411764705882,0.0,0.0,1.0,0.0,1.0,0.9609375
0.3529411764705882,0.015130664092052078,0.10688848673418633,0.7967230663045731,0.375,0.0016393998665867695,0.9765625,0.8333333333333333,0.06666666666666667,0.7333333333333333,0.12941176470588234,0.375,0.3529411764705882,0.0,0.0,1.0,0.0,1.0,0.9765625
0.3529411764705882,0.005764062511257936,0.04339037580298652,0.7326772884472252,0.675,0.0016393998665867695,0.5260416666666666,0.8333333333333333,0.06666666666666667,0.6666666666666666,0.9999999999999999,0.025,0.3529411764705882,0.0,0.0,1.0,0.0,1.0,0.5260416666666666
0.3529411764705882,0.017292187533773803,0.08572244975711972,0.7033219627061293,0.675,0.0016393998665867695,0.96875,0.8333333333333333,0.1,0.6666666666666666,0.9999999999999999,0.025,0.3529411764705882,0.0,0.0,1.0,0.0,1.0,0.96875
0.3529411764705882,0.017292187533773803,0.08572244975711972,0.7033219627061293,0.675,0.0016393998665867695,0.96875,0.8333333333333333,0.7666666666666666,0.6666666666666666,0.9999999999999999,0.025,0.3529411764705882,0.0,0.0,1.0,0.0,1.0,0.96875
0.3529411764705882,0.03457716998940854,0.08572244975711972,0.43967360070391903,0.375,0.0016393998665867695,0.9739583333333333,0.6666666666666666,0.1,0.7333333333333333,0.9999999999999999,0.25,0.3529411764705882,0.0,0.0,1.0,0.0,1.0,0.9739583333333333
0.3529411764705882,0.031702343811918644,0.08572244975711972,0.48352341164225987,0.375,0.0016393998665867695,0.9453125,0.8333333333333333,0.1,0.7333333333333333,0.9999999999999999,0.25,0.3529411764705882,0.0,0.0,1.0,0.0,1.0,0.9453125
0.3529411764705882,0.012248632836423112,0.03280735731445322,0.4615897234617508,0.375,0.0016393998665867695,0.9401041666666666,0.8333333333333333,0.36666666666666664,0.7333333333333333,0.9999999999999999,0.25,0.3529411764705882,0.0,0.0,1.0,0.0,1.0,0.9401041666666666
0.3529411764705882,0.020174218789402773,0.08572244975711972,0.6593622524933556,0.675,8.075861411757486e-06,0.96875,0.8333333333333333,0.9666666666666667,0.6666666666666666,0.9999999999999999,0.35000000000000003,0.3529411764705882,0.0,0.0,1.0,0.0,1.0,0.96875
0.3529411764705882,0.024497265672846227,0.06455641278005313,0.46705019852518986,0.375,0.0016393998665867695,0.9322916666666666,0.8333333333333333,0.06666666666666667,0.7333333333333333,0.9999999999999999,0.35000000000000003,0.3529411764705882,0.0,0.0,1.0,0.0,1.0,0.9322916666666666
0.3529411764705882,0.04178945320662003,0.14922056068831951,0.6181268407900173,0.4,0.0016393998665867695,0.9479166666666666,0.0,0.13333333333333333,0.7333333333333333,0.3411764705882353,0.275,0.3529411764705882,0.0,0.0,1.0,0.0,1.0,0.9479166666666666
0.3529411764705882,0.03458437506754761,0.07513943126858642,0.36630158855306966,0.375,0.0016393998665867695,0.9348958333333333,0.0,0.36666666666666664,0.7333333333333333,0.9999999999999999,0.25,0.3529411764705882,0.0,0.0,1.0,0.0,1.0,0.9348958333333333
0.3529411764705882,0.01801990042582012,0.08572244975711972,0.6922221358785029,0.7749999999999999,0.0016393998665867695,0.9270833333333333,0.8333333333333333,0.06666666666666667,0.7333333333333333,0.3411764705882353,0.025,0.3529411764705882,0.0,0.0,1.0,0.0,1.0,0.9270833333333333
0.3529411764705882,0.03458437506754761,0.07513943126858642,0.36630158855306966,0.375,0.0016393998665867695,0.9348958333333333,0.0,0.26666666666666666,0.7333333333333333,0.9999999999999999,0.25,0.3529411764705882,0.0,0.0,1.0,0.0,1.0,0.9348958333333333
0.3529411764705882,0.01441736135628391,0.06455641278005313,0.6592413618629315,0.7749999999999999,0.0016393998665867695,0.953125,0.8333333333333333,0.1,0.7333333333333333,0.9999999999999999,0.025,0.3529411764705882,0.0,0.0,1.0,0.0,1.0,0.953125
0.3529411764705882,0.012976345728469426,0.06455641278005313,0.6867168677125326,0.7749999999999999,0.0016393998665867695,0.953125,0.8333333333333333,0.06666666666666667,0.7333333333333333,0.9999999999999999,0.025,0.3529411764705882,0.0,0.0,1.0,0.0,1.0,0.953125
